UMO ID,FILE NAME,BIBID
81471588,case_hd_8055_i4_r67_box_011_fl_360_01_572.tif,
81471692,case_hd_8055_i4_r67_box_011_fl_360_01_573.tif,
81471787,case_hd_8055_i4_r67_box_011_fl_360_01_574.tif,
81471891,case_hd_8055_i4_r67_box_011_fl_360_01_575.tif,
81471986,case_hd_8055_i4_r67_box_011_fl_360_01_576.tif,
81472090,case_hd_8055_i4_r67_box_011_fl_360_01_577.tif,
81472185,case_hd_8055_i4_r67_box_011_fl_360_01_578.tif,
81472289,case_hd_8055_i4_r67_box_011_fl_360_01_579.tif,
81472384,case_hd_8055_i4_r67_box_011_fl_360_01_580.tif,
81472488,case_hd_8055_i4_r67_box_011_fl_360_01_581.tif,
81472583,case_hd_8055_i4_r67_box_011_fl_360_01_582.tif,
81472687,case_hd_8055_i4_r67_box_011_fl_360_01_583.tif,
81472782,case_hd_8055_i4_r67_box_011_fl_360_01_584.tif,
81472886,case_hd_8055_i4_r67_box_011_fl_360_01_585.tif,
81472981,case_hd_8055_i4_r67_box_011_fl_360_01_586.tif,
81473085,case_hd_8055_i4_r67_box_011_fl_360_01_587.tif,
81473180,case_hd_8055_i4_r67_box_011_fl_360_01_588.tif,
81473284,case_hd_8055_i4_r67_box_011_fl_360_01_589.tif,
81473379,case_hd_8055_i4_r67_box_011_fl_360_01_590.tif,
81473483,case_hd_8055_i4_r67_box_011_fl_360_01_591.tif,
81473578,case_hd_8055_i4_r67_box_011_fl_360_01_592.tif,
81473682,case_hd_8055_i4_r67_box_011_fl_360_01_593.tif,
81473777,case_hd_8055_i4_r67_box_011_fl_360_01_594.tif,
81473881,case_hd_8055_i4_r67_box_011_fl_360_01_595.tif,
81473976,case_hd_8055_i4_r67_box_011_fl_360_01_596.tif,
81474080,case_hd_8055_i4_r67_box_011_fl_360_01_597.tif,
81474175,case_hd_8055_i4_r67_box_011_fl_360_01_598.tif,
81474279,case_hd_8055_i4_r67_box_011_fl_360_01_599.tif,
81474374,case_hd_8055_i4_r67_box_011_fl_360_01_600.tif,
81474478,case_hd_8055_i4_r67_box_011_fl_360_01_601.tif,
81474573,case_hd_8055_i4_r67_box_011_fl_360_01_602.tif,
81474677,case_hd_8055_i4_r67_box_011_fl_360_01_603.tif,
81474772,case_hd_8055_i4_r67_box_011_fl_360_01_604.tif,
81474876,case_hd_8055_i4_r67_box_011_fl_360_01_605.tif,
81474971,case_hd_8055_i4_r67_box_011_fl_360_01_606.tif,
81475075,case_hd_8055_i4_r67_box_011_fl_360_01_607.tif,
81475170,case_hd_8055_i4_r67_box_011_fl_360_01_608.tif,
81475274,case_hd_8055_i4_r67_box_011_fl_360_01_609.tif,
81475369,case_hd_8055_i4_r67_box_011_fl_360_01_610.tif,
81475473,case_hd_8055_i4_r67_box_011_fl_360_01_611.tif,
81475568,case_hd_8055_i4_r67_box_011_fl_360_01_612.tif,
81475672,case_hd_8055_i4_r67_box_011_fl_360_01_613.tif,
81475767,case_hd_8055_i4_r67_box_011_fl_360_01_614.tif,
81475871,case_hd_8055_i4_r67_box_011_fl_360_01_615.tif,
81475966,case_hd_8055_i4_r67_box_011_fl_360_01_616.tif,
81476070,case_hd_8055_i4_r67_box_011_fl_360_01_617.tif,
81476165,case_hd_8055_i4_r67_box_011_fl_360_01_618.tif,
81476269,case_hd_8055_i4_r67_box_011_fl_360_01_619.tif,
81476364,case_hd_8055_i4_r67_box_011_fl_360_01_620.tif,
81476468,case_hd_8055_i4_r67_box_011_fl_360_01_621.tif,
81476563,case_hd_8055_i4_r67_box_011_fl_360_01_622.tif,
81476667,case_hd_8055_i4_r67_box_011_fl_360_01_623.tif,
81476762,case_hd_8055_i4_r67_box_011_fl_360_01_624.tif,
81476866,case_hd_8055_i4_r67_box_011_fl_360_01_625.tif,
81476961,case_hd_8055_i4_r67_box_011_fl_360_01_626.tif,
81477065,case_hd_8055_i4_r67_box_011_fl_360_01_627.tif,
81477160,case_hd_8055_i4_r67_box_011_fl_360_01_628.tif,
81477264,case_hd_8055_i4_r67_box_011_fl_360_01_629.tif,
81477359,case_hd_8055_i4_r67_box_011_fl_360_01_630.tif,
81477463,case_hd_8055_i4_r67_box_011_fl_360_01_631.tif,
81477558,case_hd_8055_i4_r67_box_011_fl_360_01_632.tif,
81477662,case_hd_8055_i4_r67_box_011_fl_360_01_633.tif,
81477757,case_hd_8055_i4_r67_box_011_fl_360_01_634.tif,
81477861,case_hd_8055_i4_r67_box_011_fl_360_01_635.tif,
81477956,case_hd_8055_i4_r67_box_011_fl_360_01_636.tif,
81478060,case_hd_8055_i4_r67_box_011_fl_360_01_637.tif,
81478155,case_hd_8055_i4_r67_box_011_fl_360_01_638.tif,
81478259,case_hd_8055_i4_r67_box_011_fl_360_01_639.tif,
81478354,case_hd_8055_i4_r67_box_012_fl_388_01_001.tif,
81478458,case_hd_8055_i4_r67_box_012_fl_388_01_002.tif,
81478553,case_hd_8055_i4_r67_box_012_fl_388_01_003.tif,
81478657,case_hd_8055_i4_r67_box_012_fl_388_01_004.tif,
81478752,case_hd_8055_i4_r67_box_012_fl_388_01_005.tif,
81478856,case_hd_8055_i4_r67_box_012_fl_388_01_006.tif,
81478951,case_hd_8055_i4_r67_box_012_fl_388_01_007.tif,
81479055,case_hd_8055_i4_r67_box_012_fl_388_01_008.tif,
81479150,case_hd_8055_i4_r67_box_012_fl_388_01_009.tif,
81479254,case_hd_8055_i4_r67_box_012_fl_388_01_010.tif,
81479349,case_hd_8055_i4_r67_box_012_fl_388_01_011.tif,
81479453,case_hd_8055_i4_r67_box_012_fl_388_01_012.tif,
81479548,case_hd_8055_i4_r67_box_012_fl_388_01_013.tif,
81479652,case_hd_8055_i4_r67_box_012_fl_388_01_014.tif,
81479747,case_hd_8055_i4_r67_box_012_fl_388_01_015.tif,
81479851,case_hd_8055_i4_r67_box_012_fl_388_01_016.tif,
81479946,case_hd_8055_i4_r67_box_012_fl_388_01_017.tif,
81480050,case_hd_8055_i4_r67_box_012_fl_388_01_018.tif,
81480145,case_hd_8055_i4_r67_box_012_fl_388_01_019.tif,
81480249,case_hd_8055_i4_r67_box_012_fl_388_01_020.tif,
81480344,case_hd_8055_i4_r67_box_012_fl_388_01_021.tif,
81480448,case_hd_8055_i4_r67_box_012_fl_388_01_022.tif,
81480543,case_hd_8055_i4_r67_box_012_fl_388_01_023.tif,
81480647,case_hd_8055_i4_r67_box_012_fl_388_01_024.tif,
81480742,case_hd_8055_i4_r67_box_012_fl_388_01_025.tif,
81480846,case_hd_8055_i4_r67_box_012_fl_388_01_026.tif,
81480941,case_hd_8055_i4_r67_box_012_fl_388_01_027.tif,
81481045,case_hd_8055_i4_r67_box_012_fl_388_01_028.tif,
81481140,case_hd_8055_i4_r67_box_012_fl_388_01_029.tif,
81481244,case_hd_8055_i4_r67_box_012_fl_388_01_030.tif,
81481339,case_hd_8055_i4_r67_box_012_fl_388_01_031.tif,
81481443,case_hd_8055_i4_r67_box_012_fl_388_01_032.tif,
81481538,case_hd_8055_i4_r67_box_012_fl_388_01_033.tif,
81481642,case_hd_8055_i4_r67_box_012_fl_388_01_034.tif,
81481737,case_hd_8055_i4_r67_box_012_fl_388_01_035.tif,
81481841,case_hd_8055_i4_r67_box_012_fl_388_01_036.tif,
81481936,case_hd_8055_i4_r67_box_012_fl_388_01_037.tif,
81482040,case_hd_8055_i4_r67_box_012_fl_388_01_038.tif,
81482135,case_hd_8055_i4_r67_box_012_fl_388_01_039.tif,
81482239,case_hd_8055_i4_r67_box_012_fl_388_01_040.tif,
81482334,case_hd_8055_i4_r67_box_012_fl_388_01_041.tif,
81482438,case_hd_8055_i4_r67_box_012_fl_388_01_042.tif,
81482533,case_hd_8055_i4_r67_box_012_fl_388_01_043.tif,
81482637,case_hd_8055_i4_r67_box_012_fl_388_01_044.tif,
81482732,case_hd_8055_i4_r67_box_012_fl_388_01_045.tif,
81482836,case_hd_8055_i4_r67_box_012_fl_388_01_046.tif,
81482931,case_hd_8055_i4_r67_box_012_fl_388_01_047.tif,
81483035,case_hd_8055_i4_r67_box_012_fl_388_01_048.tif,
81483130,case_hd_8055_i4_r67_box_012_fl_388_01_049.tif,
81483234,case_hd_8055_i4_r67_box_012_fl_388_01_050.tif,
81483329,case_hd_8055_i4_r67_box_012_fl_388_01_051.tif,
81483433,case_hd_8055_i4_r67_box_012_fl_388_01_052.tif,
81483528,case_hd_8055_i4_r67_box_012_fl_388_01_053.tif,
81483632,case_hd_8055_i4_r67_box_012_fl_388_01_054.tif,
81483727,case_hd_8055_i4_r67_box_012_fl_388_01_055.tif,
81483831,case_hd_8055_i4_r67_box_012_fl_388_01_056.tif,
81483926,case_hd_8055_i4_r67_box_012_fl_388_01_057.tif,
81484030,case_hd_8055_i4_r67_box_012_fl_388_01_058.tif,
81484125,case_hd_8055_i4_r67_box_012_fl_388_01_059.tif,
81484229,case_hd_8055_i4_r67_box_012_fl_388_01_060.tif,
81484324,case_hd_8055_i4_r67_box_012_fl_388_01_061.tif,
81484428,case_hd_8055_i4_r67_box_012_fl_388_01_062.tif,
81484523,case_hd_8055_i4_r67_box_012_fl_388_01_063.tif,
81484627,case_hd_8055_i4_r67_box_012_fl_388_01_064.tif,
81484722,case_hd_8055_i4_r67_box_012_fl_388_01_065.tif,
81484826,case_hd_8055_i4_r67_box_012_fl_388_01_066.tif,
81484921,case_hd_8055_i4_r67_box_012_fl_388_01_067.tif,
81485025,case_hd_8055_i4_r67_box_012_fl_388_01_068.tif,
81485120,case_hd_8055_i4_r67_box_012_fl_388_01_069.tif,
81485224,case_hd_8055_i4_r67_box_012_fl_388_01_070.tif,
81485319,case_hd_8055_i4_r67_box_012_fl_388_01_071.tif,
81485423,case_hd_8055_i4_r67_box_012_fl_388_01_072.tif,
81485518,case_hd_8055_i4_r67_box_012_fl_388_01_073.tif,
81485622,case_hd_8055_i4_r67_box_012_fl_388_01_074.tif,
81485717,case_hd_8055_i4_r67_box_012_fl_388_01_075.tif,
81485821,case_hd_8055_i4_r67_box_012_fl_388_01_076.tif,
81485916,case_hd_8055_i4_r67_box_012_fl_388_01_077.tif,
81486020,case_hd_8055_i4_r67_box_012_fl_388_01_078.tif,
81486115,case_hd_8055_i4_r67_box_012_fl_388_01_079.tif,
81486219,case_hd_8055_i4_r67_box_012_fl_388_01_080.tif,
81486314,case_hd_8055_i4_r67_box_012_fl_388_01_081.tif,
81486418,case_hd_8055_i4_r67_box_012_fl_388_01_082.tif,
81486513,case_hd_8055_i4_r67_box_012_fl_388_01_083.tif,
81486617,case_hd_8055_i4_r67_box_012_fl_388_01_084.tif,
81486712,case_hd_8055_i4_r67_box_012_fl_388_01_085.tif,
81486816,case_hd_8055_i4_r67_box_012_fl_388_01_086.tif,
81486911,case_hd_8055_i4_r67_box_012_fl_388_01_087.tif,
81487015,case_hd_8055_i4_r67_box_012_fl_388_01_088.tif,
81487110,case_hd_8055_i4_r67_box_012_fl_388_01_089.tif,
81487214,case_hd_8055_i4_r67_box_012_fl_388_01_090.tif,
81487309,case_hd_8055_i4_r67_box_012_fl_388_01_091.tif,
81487413,case_hd_8055_i4_r67_box_012_fl_388_01_092.tif,
81487508,case_hd_8055_i4_r67_box_012_fl_388_01_093.tif,
81487612,case_hd_8055_i4_r67_box_012_fl_388_01_094.tif,
81487707,case_hd_8055_i4_r67_box_012_fl_388_01_095.tif,
81487811,case_hd_8055_i4_r67_box_012_fl_388_01_096.tif,
81487906,case_hd_8055_i4_r67_box_012_fl_388_01_097.tif,
81488010,case_hd_8055_i4_r67_box_012_fl_388_01_098.tif,
81488105,case_hd_8055_i4_r67_box_012_fl_388_01_099.tif,
81488209,case_hd_8055_i4_r67_box_012_fl_388_01_100.tif,
81488304,case_hd_8055_i4_r67_box_012_fl_388_01_101.tif,
81488408,case_hd_8055_i4_r67_box_012_fl_388_01_102.tif,
81488503,case_hd_8055_i4_r67_box_012_fl_388_01_103.tif,
81488607,case_hd_8055_i4_r67_box_012_fl_388_01_104.tif,
81488702,case_hd_8055_i4_r67_box_012_fl_388_01_105.tif,
81488806,case_hd_8055_i4_r67_box_012_fl_388_01_106.tif,
81488901,case_hd_8055_i4_r67_box_012_fl_388_01_107.tif,
81489005,case_hd_8055_i4_r67_box_012_fl_388_01_108.tif,
81489100,case_hd_8055_i4_r67_box_012_fl_388_01_109.tif,
81489204,case_hd_8055_i4_r67_box_012_fl_388_01_110.tif,
81489299,case_hd_8055_i4_r67_box_012_fl_388_01_111.tif,
81489403,case_hd_8055_i4_r67_box_012_fl_388_01_112.tif,
81489498,case_hd_8055_i4_r67_box_012_fl_388_01_113.tif,
81489602,case_hd_8055_i4_r67_box_012_fl_388_01_114.tif,
81489697,case_hd_8055_i4_r67_box_012_fl_388_01_115.tif,
81489801,case_hd_8055_i4_r67_box_012_fl_388_01_116.tif,
81489896,case_hd_8055_i4_r67_box_012_fl_388_01_117.tif,
81490000,case_hd_8055_i4_r67_box_012_fl_388_01_118.tif,
81490095,case_hd_8055_i4_r67_box_012_fl_388_01_119.tif,
81490199,case_hd_8055_i4_r67_box_012_fl_388_01_120.tif,
81490294,case_hd_8055_i4_r67_box_012_fl_388_01_121.tif,
81490398,case_hd_8055_i4_r67_box_012_fl_388_01_122.tif,
81490493,case_hd_8055_i4_r67_box_012_fl_388_01_123.tif,
81490597,case_hd_8055_i4_r67_box_012_fl_388_01_124.tif,
7345981,GR_579_0021.TIF,
7346007,GR_579_0004.TIF,
7346026,GR_579_0053.TIF,
7346052,GR_579_0039.TIF,
7346065,GR_579_0027.TIF,
7346091,GR_579_0054.TIF,
7346116,GR_579_0041.TIF,
7346134,GR_579_0056.TIF,
7346156,GR_579_0015.TIF,
7346182,GR_579_0019.TIF,
7346208,GR_579_0022.TIF,
7346223,GR_579_0014.TIF,
7346247,GR_579_0011.TIF,
7346273,GR_579_0030.TIF,
7346293,GR_579_0048.TIF,
7346325,GR_579_0045.TIF,
7346339,GR_579_0040.TIF,
7346364,GR_579_0003.TIF,
7346390,GR_579_0057.TIF,
7346416,GR_579_0002.TIF,
7346429,GR_579_0026.TIF,
7346455,GR_579_0060.TIF,
7346481,GR_579_0042.TIF,
7346499,GR_579_0031.TIF,
7346520,GR_579_0050.TIF,
7346546,GR_579_0006.TIF,
7346560,GR_579_0052.TIF,
7346585,GR_579_0034.TIF,
7346611,GR_579_0012.TIF,
7346624,GR_579_0033.TIF,
7346651,GR_579_0010.TIF,
7346676,GR_579_0028.TIF,
7346692,GR_579_0001.TIF,
7347470,GR_579_0009.TIF,
7347516,GR_579_0023.TIF,
7347535,GR_579_0062.TIF,
7347561,GR_579_0064.TIF,
7347587,GR_579_0016.TIF,
7347600,GR_579_0008.TIF,
7347626,GR_579_0024.TIF,
7347665,GR_579_0047.TIF,
7347709,GR_579_0058.TIF,
7347730,GR_579_0032.TIF,
7347756,GR_579_0018.TIF,
7347782,GR_579_0046.TIF,
7347795,GR_579_0061.TIF,
7347821,GR_579_0059.TIF,
7347847,GR_579_0063.TIF,
7347873,GR_579_0025.TIF,
7347886,GR_579_0007.TIF,
7347912,GR_579_0044.TIF,
7347938,GR_579_0013.TIF,
7347952,GR_579_0005.TIF,
7347977,GR_579_0051.TIF,
7348003,GR_579_0037.TIF,
7348016,GR_579_0049.TIF,
7348042,GR_579_0017.TIF,
7348068,GR_579_0020.TIF,
7348094,GR_579_0043.TIF,
7348108,GR_579_0036.TIF,
7348133,GR_579_0055.TIF,
7348159,GR_579_0035.TIF,
7348175,GR_579_0038.TIF,
9317742,Ayer Art Waldeck box B-3 image 53.tif,
9317874,Ayer Waldeck box B-3 image 53.tif,
10743206,"Ayer Art Waldeck box E-2 #322, Palenque Captives.tif",
81471588,case_hd_8055_i4_r67_box_011_fl_360_01_572.tif,
81471692,case_hd_8055_i4_r67_box_011_fl_360_01_573.tif,
81471787,case_hd_8055_i4_r67_box_011_fl_360_01_574.tif,
81471891,case_hd_8055_i4_r67_box_011_fl_360_01_575.tif,
81471986,case_hd_8055_i4_r67_box_011_fl_360_01_576.tif,
81472090,case_hd_8055_i4_r67_box_011_fl_360_01_577.tif,
81472185,case_hd_8055_i4_r67_box_011_fl_360_01_578.tif,
81472289,case_hd_8055_i4_r67_box_011_fl_360_01_579.tif,
81472384,case_hd_8055_i4_r67_box_011_fl_360_01_580.tif,
81472488,case_hd_8055_i4_r67_box_011_fl_360_01_581.tif,
81472583,case_hd_8055_i4_r67_box_011_fl_360_01_582.tif,
81472687,case_hd_8055_i4_r67_box_011_fl_360_01_583.tif,
81472782,case_hd_8055_i4_r67_box_011_fl_360_01_584.tif,
81472886,case_hd_8055_i4_r67_box_011_fl_360_01_585.tif,
81472981,case_hd_8055_i4_r67_box_011_fl_360_01_586.tif,
81473085,case_hd_8055_i4_r67_box_011_fl_360_01_587.tif,
81473180,case_hd_8055_i4_r67_box_011_fl_360_01_588.tif,
81473284,case_hd_8055_i4_r67_box_011_fl_360_01_589.tif,
81473379,case_hd_8055_i4_r67_box_011_fl_360_01_590.tif,
81473483,case_hd_8055_i4_r67_box_011_fl_360_01_591.tif,
81473578,case_hd_8055_i4_r67_box_011_fl_360_01_592.tif,
81473682,case_hd_8055_i4_r67_box_011_fl_360_01_593.tif,
81473777,case_hd_8055_i4_r67_box_011_fl_360_01_594.tif,
81473881,case_hd_8055_i4_r67_box_011_fl_360_01_595.tif,
81473976,case_hd_8055_i4_r67_box_011_fl_360_01_596.tif,
81474080,case_hd_8055_i4_r67_box_011_fl_360_01_597.tif,
81474175,case_hd_8055_i4_r67_box_011_fl_360_01_598.tif,
81474279,case_hd_8055_i4_r67_box_011_fl_360_01_599.tif,
81474374,case_hd_8055_i4_r67_box_011_fl_360_01_600.tif,
81474478,case_hd_8055_i4_r67_box_011_fl_360_01_601.tif,
81474573,case_hd_8055_i4_r67_box_011_fl_360_01_602.tif,
81474677,case_hd_8055_i4_r67_box_011_fl_360_01_603.tif,
81474772,case_hd_8055_i4_r67_box_011_fl_360_01_604.tif,
81474876,case_hd_8055_i4_r67_box_011_fl_360_01_605.tif,
81474971,case_hd_8055_i4_r67_box_011_fl_360_01_606.tif,
81475075,case_hd_8055_i4_r67_box_011_fl_360_01_607.tif,
81475170,case_hd_8055_i4_r67_box_011_fl_360_01_608.tif,
81475274,case_hd_8055_i4_r67_box_011_fl_360_01_609.tif,
81475369,case_hd_8055_i4_r67_box_011_fl_360_01_610.tif,
81475473,case_hd_8055_i4_r67_box_011_fl_360_01_611.tif,
81475568,case_hd_8055_i4_r67_box_011_fl_360_01_612.tif,
81475672,case_hd_8055_i4_r67_box_011_fl_360_01_613.tif,
81475767,case_hd_8055_i4_r67_box_011_fl_360_01_614.tif,
81475871,case_hd_8055_i4_r67_box_011_fl_360_01_615.tif,
81475966,case_hd_8055_i4_r67_box_011_fl_360_01_616.tif,
81476070,case_hd_8055_i4_r67_box_011_fl_360_01_617.tif,
81476165,case_hd_8055_i4_r67_box_011_fl_360_01_618.tif,
81476269,case_hd_8055_i4_r67_box_011_fl_360_01_619.tif,
81476364,case_hd_8055_i4_r67_box_011_fl_360_01_620.tif,
81476468,case_hd_8055_i4_r67_box_011_fl_360_01_621.tif,
81476563,case_hd_8055_i4_r67_box_011_fl_360_01_622.tif,
81476667,case_hd_8055_i4_r67_box_011_fl_360_01_623.tif,
81476762,case_hd_8055_i4_r67_box_011_fl_360_01_624.tif,
81476866,case_hd_8055_i4_r67_box_011_fl_360_01_625.tif,
81476961,case_hd_8055_i4_r67_box_011_fl_360_01_626.tif,
81477065,case_hd_8055_i4_r67_box_011_fl_360_01_627.tif,
81477160,case_hd_8055_i4_r67_box_011_fl_360_01_628.tif,
81477264,case_hd_8055_i4_r67_box_011_fl_360_01_629.tif,
81477359,case_hd_8055_i4_r67_box_011_fl_360_01_630.tif,
81477463,case_hd_8055_i4_r67_box_011_fl_360_01_631.tif,
81477558,case_hd_8055_i4_r67_box_011_fl_360_01_632.tif,
81477662,case_hd_8055_i4_r67_box_011_fl_360_01_633.tif,
81477757,case_hd_8055_i4_r67_box_011_fl_360_01_634.tif,
81477861,case_hd_8055_i4_r67_box_011_fl_360_01_635.tif,
81477956,case_hd_8055_i4_r67_box_011_fl_360_01_636.tif,
81478060,case_hd_8055_i4_r67_box_011_fl_360_01_637.tif,
81478155,case_hd_8055_i4_r67_box_011_fl_360_01_638.tif,
81478259,case_hd_8055_i4_r67_box_011_fl_360_01_639.tif,
81478354,case_hd_8055_i4_r67_box_012_fl_388_01_001.tif,
81478458,case_hd_8055_i4_r67_box_012_fl_388_01_002.tif,
81478553,case_hd_8055_i4_r67_box_012_fl_388_01_003.tif,
81478657,case_hd_8055_i4_r67_box_012_fl_388_01_004.tif,
81478752,case_hd_8055_i4_r67_box_012_fl_388_01_005.tif,
81478856,case_hd_8055_i4_r67_box_012_fl_388_01_006.tif,
81478951,case_hd_8055_i4_r67_box_012_fl_388_01_007.tif,
81479055,case_hd_8055_i4_r67_box_012_fl_388_01_008.tif,
81479150,case_hd_8055_i4_r67_box_012_fl_388_01_009.tif,
81479254,case_hd_8055_i4_r67_box_012_fl_388_01_010.tif,
81479349,case_hd_8055_i4_r67_box_012_fl_388_01_011.tif,
81479453,case_hd_8055_i4_r67_box_012_fl_388_01_012.tif,
81479548,case_hd_8055_i4_r67_box_012_fl_388_01_013.tif,
81479652,case_hd_8055_i4_r67_box_012_fl_388_01_014.tif,
81479747,case_hd_8055_i4_r67_box_012_fl_388_01_015.tif,
81479851,case_hd_8055_i4_r67_box_012_fl_388_01_016.tif,
81479946,case_hd_8055_i4_r67_box_012_fl_388_01_017.tif,
81480050,case_hd_8055_i4_r67_box_012_fl_388_01_018.tif,
81480145,case_hd_8055_i4_r67_box_012_fl_388_01_019.tif,
81480249,case_hd_8055_i4_r67_box_012_fl_388_01_020.tif,
81480344,case_hd_8055_i4_r67_box_012_fl_388_01_021.tif,
81480448,case_hd_8055_i4_r67_box_012_fl_388_01_022.tif,
81480543,case_hd_8055_i4_r67_box_012_fl_388_01_023.tif,
81480647,case_hd_8055_i4_r67_box_012_fl_388_01_024.tif,
81480742,case_hd_8055_i4_r67_box_012_fl_388_01_025.tif,
81480846,case_hd_8055_i4_r67_box_012_fl_388_01_026.tif,
81480941,case_hd_8055_i4_r67_box_012_fl_388_01_027.tif,
81481045,case_hd_8055_i4_r67_box_012_fl_388_01_028.tif,
81481140,case_hd_8055_i4_r67_box_012_fl_388_01_029.tif,
81481244,case_hd_8055_i4_r67_box_012_fl_388_01_030.tif,
81481339,case_hd_8055_i4_r67_box_012_fl_388_01_031.tif,
81481443,case_hd_8055_i4_r67_box_012_fl_388_01_032.tif,
81481538,case_hd_8055_i4_r67_box_012_fl_388_01_033.tif,
81481642,case_hd_8055_i4_r67_box_012_fl_388_01_034.tif,
81481737,case_hd_8055_i4_r67_box_012_fl_388_01_035.tif,
81481841,case_hd_8055_i4_r67_box_012_fl_388_01_036.tif,
81481936,case_hd_8055_i4_r67_box_012_fl_388_01_037.tif,
81482040,case_hd_8055_i4_r67_box_012_fl_388_01_038.tif,
81482135,case_hd_8055_i4_r67_box_012_fl_388_01_039.tif,
81482239,case_hd_8055_i4_r67_box_012_fl_388_01_040.tif,
81482334,case_hd_8055_i4_r67_box_012_fl_388_01_041.tif,
81482438,case_hd_8055_i4_r67_box_012_fl_388_01_042.tif,
81482533,case_hd_8055_i4_r67_box_012_fl_388_01_043.tif,
81482637,case_hd_8055_i4_r67_box_012_fl_388_01_044.tif,
81482732,case_hd_8055_i4_r67_box_012_fl_388_01_045.tif,
81482836,case_hd_8055_i4_r67_box_012_fl_388_01_046.tif,
81482931,case_hd_8055_i4_r67_box_012_fl_388_01_047.tif,
81483035,case_hd_8055_i4_r67_box_012_fl_388_01_048.tif,
81483130,case_hd_8055_i4_r67_box_012_fl_388_01_049.tif,
81483234,case_hd_8055_i4_r67_box_012_fl_388_01_050.tif,
81483329,case_hd_8055_i4_r67_box_012_fl_388_01_051.tif,
81483433,case_hd_8055_i4_r67_box_012_fl_388_01_052.tif,
81483528,case_hd_8055_i4_r67_box_012_fl_388_01_053.tif,
81483632,case_hd_8055_i4_r67_box_012_fl_388_01_054.tif,
81483727,case_hd_8055_i4_r67_box_012_fl_388_01_055.tif,
81483831,case_hd_8055_i4_r67_box_012_fl_388_01_056.tif,
81483926,case_hd_8055_i4_r67_box_012_fl_388_01_057.tif,
81484030,case_hd_8055_i4_r67_box_012_fl_388_01_058.tif,
81484125,case_hd_8055_i4_r67_box_012_fl_388_01_059.tif,
81484229,case_hd_8055_i4_r67_box_012_fl_388_01_060.tif,
81484324,case_hd_8055_i4_r67_box_012_fl_388_01_061.tif,
81484428,case_hd_8055_i4_r67_box_012_fl_388_01_062.tif,
81484523,case_hd_8055_i4_r67_box_012_fl_388_01_063.tif,
81484627,case_hd_8055_i4_r67_box_012_fl_388_01_064.tif,
81484722,case_hd_8055_i4_r67_box_012_fl_388_01_065.tif,
81484826,case_hd_8055_i4_r67_box_012_fl_388_01_066.tif,
81484921,case_hd_8055_i4_r67_box_012_fl_388_01_067.tif,
81485025,case_hd_8055_i4_r67_box_012_fl_388_01_068.tif,
81485120,case_hd_8055_i4_r67_box_012_fl_388_01_069.tif,
81485224,case_hd_8055_i4_r67_box_012_fl_388_01_070.tif,
81485319,case_hd_8055_i4_r67_box_012_fl_388_01_071.tif,
81485423,case_hd_8055_i4_r67_box_012_fl_388_01_072.tif,
81485518,case_hd_8055_i4_r67_box_012_fl_388_01_073.tif,
81485622,case_hd_8055_i4_r67_box_012_fl_388_01_074.tif,
81485717,case_hd_8055_i4_r67_box_012_fl_388_01_075.tif,
81485821,case_hd_8055_i4_r67_box_012_fl_388_01_076.tif,
81485916,case_hd_8055_i4_r67_box_012_fl_388_01_077.tif,
81486020,case_hd_8055_i4_r67_box_012_fl_388_01_078.tif,
81486115,case_hd_8055_i4_r67_box_012_fl_388_01_079.tif,
81486219,case_hd_8055_i4_r67_box_012_fl_388_01_080.tif,
81486314,case_hd_8055_i4_r67_box_012_fl_388_01_081.tif,
81486418,case_hd_8055_i4_r67_box_012_fl_388_01_082.tif,
81486513,case_hd_8055_i4_r67_box_012_fl_388_01_083.tif,
81486617,case_hd_8055_i4_r67_box_012_fl_388_01_084.tif,
81486712,case_hd_8055_i4_r67_box_012_fl_388_01_085.tif,
81486816,case_hd_8055_i4_r67_box_012_fl_388_01_086.tif,
81486911,case_hd_8055_i4_r67_box_012_fl_388_01_087.tif,
81487015,case_hd_8055_i4_r67_box_012_fl_388_01_088.tif,
81487110,case_hd_8055_i4_r67_box_012_fl_388_01_089.tif,
81487214,case_hd_8055_i4_r67_box_012_fl_388_01_090.tif,
81487309,case_hd_8055_i4_r67_box_012_fl_388_01_091.tif,
81487413,case_hd_8055_i4_r67_box_012_fl_388_01_092.tif,
81487508,case_hd_8055_i4_r67_box_012_fl_388_01_093.tif,
81487612,case_hd_8055_i4_r67_box_012_fl_388_01_094.tif,
81487707,case_hd_8055_i4_r67_box_012_fl_388_01_095.tif,
81487811,case_hd_8055_i4_r67_box_012_fl_388_01_096.tif,
81487906,case_hd_8055_i4_r67_box_012_fl_388_01_097.tif,
81488010,case_hd_8055_i4_r67_box_012_fl_388_01_098.tif,
81488105,case_hd_8055_i4_r67_box_012_fl_388_01_099.tif,
81488209,case_hd_8055_i4_r67_box_012_fl_388_01_100.tif,
81488304,case_hd_8055_i4_r67_box_012_fl_388_01_101.tif,
81488408,case_hd_8055_i4_r67_box_012_fl_388_01_102.tif,
81488503,case_hd_8055_i4_r67_box_012_fl_388_01_103.tif,
81488607,case_hd_8055_i4_r67_box_012_fl_388_01_104.tif,
81488702,case_hd_8055_i4_r67_box_012_fl_388_01_105.tif,
81488806,case_hd_8055_i4_r67_box_012_fl_388_01_106.tif,
81488901,case_hd_8055_i4_r67_box_012_fl_388_01_107.tif,
81489005,case_hd_8055_i4_r67_box_012_fl_388_01_108.tif,
81489100,case_hd_8055_i4_r67_box_012_fl_388_01_109.tif,
81489204,case_hd_8055_i4_r67_box_012_fl_388_01_110.tif,
81489299,case_hd_8055_i4_r67_box_012_fl_388_01_111.tif,
81489403,case_hd_8055_i4_r67_box_012_fl_388_01_112.tif,
81489498,case_hd_8055_i4_r67_box_012_fl_388_01_113.tif,
81489602,case_hd_8055_i4_r67_box_012_fl_388_01_114.tif,
81489697,case_hd_8055_i4_r67_box_012_fl_388_01_115.tif,
81489801,case_hd_8055_i4_r67_box_012_fl_388_01_116.tif,
81489896,case_hd_8055_i4_r67_box_012_fl_388_01_117.tif,
81490000,case_hd_8055_i4_r67_box_012_fl_388_01_118.tif,
81490095,case_hd_8055_i4_r67_box_012_fl_388_01_119.tif,
81490199,case_hd_8055_i4_r67_box_012_fl_388_01_120.tif,
81490294,case_hd_8055_i4_r67_box_012_fl_388_01_121.tif,
81490398,case_hd_8055_i4_r67_box_012_fl_388_01_122.tif,
81490493,case_hd_8055_i4_r67_box_012_fl_388_01_123.tif,
81490597,case_hd_8055_i4_r67_box_012_fl_388_01_124.tif,
7345981,GR_579_0021.TIF,
7346007,GR_579_0004.TIF,
7346026,GR_579_0053.TIF,
7346052,GR_579_0039.TIF,
7346065,GR_579_0027.TIF,
7346091,GR_579_0054.TIF,
7346116,GR_579_0041.TIF,
7346134,GR_579_0056.TIF,
7346156,GR_579_0015.TIF,
7346182,GR_579_0019.TIF,
7346208,GR_579_0022.TIF,
7346223,GR_579_0014.TIF,
7346247,GR_579_0011.TIF,
7346273,GR_579_0030.TIF,
7346293,GR_579_0048.TIF,
7346325,GR_579_0045.TIF,
7346339,GR_579_0040.TIF,
7346364,GR_579_0003.TIF,
7346390,GR_579_0057.TIF,
7346416,GR_579_0002.TIF,
7346429,GR_579_0026.TIF,
7346455,GR_579_0060.TIF,
7346481,GR_579_0042.TIF,
7346499,GR_579_0031.TIF,
7346520,GR_579_0050.TIF,
7346546,GR_579_0006.TIF,
7346560,GR_579_0052.TIF,
7346585,GR_579_0034.TIF,
7346611,GR_579_0012.TIF,
7346624,GR_579_0033.TIF,
7346651,GR_579_0010.TIF,
7346676,GR_579_0028.TIF,
7346692,GR_579_0001.TIF,
7347470,GR_579_0009.TIF,
7347516,GR_579_0023.TIF,
7347535,GR_579_0062.TIF,
7347561,GR_579_0064.TIF,
7347587,GR_579_0016.TIF,
7347600,GR_579_0008.TIF,
7347626,GR_579_0024.TIF,
7347665,GR_579_0047.TIF,
7347709,GR_579_0058.TIF,
7347730,GR_579_0032.TIF,
7347756,GR_579_0018.TIF,
7347782,GR_579_0046.TIF,
7347795,GR_579_0061.TIF,
7347821,GR_579_0059.TIF,
7347847,GR_579_0063.TIF,
7347873,GR_579_0025.TIF,
7347886,GR_579_0007.TIF,
7347912,GR_579_0044.TIF,
7347938,GR_579_0013.TIF,
7347952,GR_579_0005.TIF,
7347977,GR_579_0051.TIF,
7348003,GR_579_0037.TIF,
7348016,GR_579_0049.TIF,
7348042,GR_579_0017.TIF,
7348068,GR_579_0020.TIF,
7348094,GR_579_0043.TIF,
7348108,GR_579_0036.TIF,
7348133,GR_579_0055.TIF,
7348159,GR_579_0035.TIF,
7348175,GR_579_0038.TIF,
9317742,Ayer Art Waldeck box B-3 image 53.tif,
9317874,Ayer Waldeck box B-3 image 53.tif,
10743206,"Ayer Art Waldeck box E-2 #322, Palenque Captives.tif",
81471588,case_hd_8055_i4_r67_box_011_fl_360_01_572.tif,
81471692,case_hd_8055_i4_r67_box_011_fl_360_01_573.tif,
81471787,case_hd_8055_i4_r67_box_011_fl_360_01_574.tif,
81471891,case_hd_8055_i4_r67_box_011_fl_360_01_575.tif,
81471986,case_hd_8055_i4_r67_box_011_fl_360_01_576.tif,
81472090,case_hd_8055_i4_r67_box_011_fl_360_01_577.tif,
81472185,case_hd_8055_i4_r67_box_011_fl_360_01_578.tif,
81472289,case_hd_8055_i4_r67_box_011_fl_360_01_579.tif,
81472384,case_hd_8055_i4_r67_box_011_fl_360_01_580.tif,
81472488,case_hd_8055_i4_r67_box_011_fl_360_01_581.tif,
81472583,case_hd_8055_i4_r67_box_011_fl_360_01_582.tif,
81472687,case_hd_8055_i4_r67_box_011_fl_360_01_583.tif,
81472782,case_hd_8055_i4_r67_box_011_fl_360_01_584.tif,
81472886,case_hd_8055_i4_r67_box_011_fl_360_01_585.tif,
81472981,case_hd_8055_i4_r67_box_011_fl_360_01_586.tif,
81473085,case_hd_8055_i4_r67_box_011_fl_360_01_587.tif,
81473180,case_hd_8055_i4_r67_box_011_fl_360_01_588.tif,
81473284,case_hd_8055_i4_r67_box_011_fl_360_01_589.tif,
81473379,case_hd_8055_i4_r67_box_011_fl_360_01_590.tif,
81473483,case_hd_8055_i4_r67_box_011_fl_360_01_591.tif,
81473578,case_hd_8055_i4_r67_box_011_fl_360_01_592.tif,
81473682,case_hd_8055_i4_r67_box_011_fl_360_01_593.tif,
81473777,case_hd_8055_i4_r67_box_011_fl_360_01_594.tif,
81473881,case_hd_8055_i4_r67_box_011_fl_360_01_595.tif,
81473976,case_hd_8055_i4_r67_box_011_fl_360_01_596.tif,
81474080,case_hd_8055_i4_r67_box_011_fl_360_01_597.tif,
81474175,case_hd_8055_i4_r67_box_011_fl_360_01_598.tif,
81474279,case_hd_8055_i4_r67_box_011_fl_360_01_599.tif,
81474374,case_hd_8055_i4_r67_box_011_fl_360_01_600.tif,
81474478,case_hd_8055_i4_r67_box_011_fl_360_01_601.tif,
81474573,case_hd_8055_i4_r67_box_011_fl_360_01_602.tif,
81474677,case_hd_8055_i4_r67_box_011_fl_360_01_603.tif,
81474772,case_hd_8055_i4_r67_box_011_fl_360_01_604.tif,
81474876,case_hd_8055_i4_r67_box_011_fl_360_01_605.tif,
81474971,case_hd_8055_i4_r67_box_011_fl_360_01_606.tif,
81475075,case_hd_8055_i4_r67_box_011_fl_360_01_607.tif,
81475170,case_hd_8055_i4_r67_box_011_fl_360_01_608.tif,
81475274,case_hd_8055_i4_r67_box_011_fl_360_01_609.tif,
81475369,case_hd_8055_i4_r67_box_011_fl_360_01_610.tif,
81475473,case_hd_8055_i4_r67_box_011_fl_360_01_611.tif,
81475568,case_hd_8055_i4_r67_box_011_fl_360_01_612.tif,
81475672,case_hd_8055_i4_r67_box_011_fl_360_01_613.tif,
81475767,case_hd_8055_i4_r67_box_011_fl_360_01_614.tif,
81475871,case_hd_8055_i4_r67_box_011_fl_360_01_615.tif,
81475966,case_hd_8055_i4_r67_box_011_fl_360_01_616.tif,
81476070,case_hd_8055_i4_r67_box_011_fl_360_01_617.tif,
81476165,case_hd_8055_i4_r67_box_011_fl_360_01_618.tif,
81476269,case_hd_8055_i4_r67_box_011_fl_360_01_619.tif,
81476364,case_hd_8055_i4_r67_box_011_fl_360_01_620.tif,
81476468,case_hd_8055_i4_r67_box_011_fl_360_01_621.tif,
81476563,case_hd_8055_i4_r67_box_011_fl_360_01_622.tif,
81476667,case_hd_8055_i4_r67_box_011_fl_360_01_623.tif,
81476762,case_hd_8055_i4_r67_box_011_fl_360_01_624.tif,
81476866,case_hd_8055_i4_r67_box_011_fl_360_01_625.tif,
81476961,case_hd_8055_i4_r67_box_011_fl_360_01_626.tif,
81477065,case_hd_8055_i4_r67_box_011_fl_360_01_627.tif,
81477160,case_hd_8055_i4_r67_box_011_fl_360_01_628.tif,
81477264,case_hd_8055_i4_r67_box_011_fl_360_01_629.tif,
81477359,case_hd_8055_i4_r67_box_011_fl_360_01_630.tif,
81477463,case_hd_8055_i4_r67_box_011_fl_360_01_631.tif,
81477558,case_hd_8055_i4_r67_box_011_fl_360_01_632.tif,
81477662,case_hd_8055_i4_r67_box_011_fl_360_01_633.tif,
81477757,case_hd_8055_i4_r67_box_011_fl_360_01_634.tif,
81477861,case_hd_8055_i4_r67_box_011_fl_360_01_635.tif,
81477956,case_hd_8055_i4_r67_box_011_fl_360_01_636.tif,
81478060,case_hd_8055_i4_r67_box_011_fl_360_01_637.tif,
81478155,case_hd_8055_i4_r67_box_011_fl_360_01_638.tif,
81478259,case_hd_8055_i4_r67_box_011_fl_360_01_639.tif,
81478354,case_hd_8055_i4_r67_box_012_fl_388_01_001.tif,
81478458,case_hd_8055_i4_r67_box_012_fl_388_01_002.tif,
81478553,case_hd_8055_i4_r67_box_012_fl_388_01_003.tif,
81478657,case_hd_8055_i4_r67_box_012_fl_388_01_004.tif,
81478752,case_hd_8055_i4_r67_box_012_fl_388_01_005.tif,
81478856,case_hd_8055_i4_r67_box_012_fl_388_01_006.tif,
81478951,case_hd_8055_i4_r67_box_012_fl_388_01_007.tif,
81479055,case_hd_8055_i4_r67_box_012_fl_388_01_008.tif,
81479150,case_hd_8055_i4_r67_box_012_fl_388_01_009.tif,
81479254,case_hd_8055_i4_r67_box_012_fl_388_01_010.tif,
81479349,case_hd_8055_i4_r67_box_012_fl_388_01_011.tif,
81479453,case_hd_8055_i4_r67_box_012_fl_388_01_012.tif,
81479548,case_hd_8055_i4_r67_box_012_fl_388_01_013.tif,
81479652,case_hd_8055_i4_r67_box_012_fl_388_01_014.tif,
81479747,case_hd_8055_i4_r67_box_012_fl_388_01_015.tif,
81479851,case_hd_8055_i4_r67_box_012_fl_388_01_016.tif,
81479946,case_hd_8055_i4_r67_box_012_fl_388_01_017.tif,
81480050,case_hd_8055_i4_r67_box_012_fl_388_01_018.tif,
81480145,case_hd_8055_i4_r67_box_012_fl_388_01_019.tif,
81480249,case_hd_8055_i4_r67_box_012_fl_388_01_020.tif,
81480344,case_hd_8055_i4_r67_box_012_fl_388_01_021.tif,
81480448,case_hd_8055_i4_r67_box_012_fl_388_01_022.tif,
81480543,case_hd_8055_i4_r67_box_012_fl_388_01_023.tif,
81480647,case_hd_8055_i4_r67_box_012_fl_388_01_024.tif,
81480742,case_hd_8055_i4_r67_box_012_fl_388_01_025.tif,
81480846,case_hd_8055_i4_r67_box_012_fl_388_01_026.tif,
81480941,case_hd_8055_i4_r67_box_012_fl_388_01_027.tif,
81481045,case_hd_8055_i4_r67_box_012_fl_388_01_028.tif,
81481140,case_hd_8055_i4_r67_box_012_fl_388_01_029.tif,
81481244,case_hd_8055_i4_r67_box_012_fl_388_01_030.tif,
81481339,case_hd_8055_i4_r67_box_012_fl_388_01_031.tif,
81481443,case_hd_8055_i4_r67_box_012_fl_388_01_032.tif,
81481538,case_hd_8055_i4_r67_box_012_fl_388_01_033.tif,
81481642,case_hd_8055_i4_r67_box_012_fl_388_01_034.tif,
81481737,case_hd_8055_i4_r67_box_012_fl_388_01_035.tif,
81481841,case_hd_8055_i4_r67_box_012_fl_388_01_036.tif,
81481936,case_hd_8055_i4_r67_box_012_fl_388_01_037.tif,
81482040,case_hd_8055_i4_r67_box_012_fl_388_01_038.tif,
81482135,case_hd_8055_i4_r67_box_012_fl_388_01_039.tif,
81482239,case_hd_8055_i4_r67_box_012_fl_388_01_040.tif,
81482334,case_hd_8055_i4_r67_box_012_fl_388_01_041.tif,
81482438,case_hd_8055_i4_r67_box_012_fl_388_01_042.tif,
81482533,case_hd_8055_i4_r67_box_012_fl_388_01_043.tif,
81482637,case_hd_8055_i4_r67_box_012_fl_388_01_044.tif,
81482732,case_hd_8055_i4_r67_box_012_fl_388_01_045.tif,
81482836,case_hd_8055_i4_r67_box_012_fl_388_01_046.tif,
81482931,case_hd_8055_i4_r67_box_012_fl_388_01_047.tif,
81483035,case_hd_8055_i4_r67_box_012_fl_388_01_048.tif,
81483130,case_hd_8055_i4_r67_box_012_fl_388_01_049.tif,
81483234,case_hd_8055_i4_r67_box_012_fl_388_01_050.tif,
81483329,case_hd_8055_i4_r67_box_012_fl_388_01_051.tif,
81483433,case_hd_8055_i4_r67_box_012_fl_388_01_052.tif,
81483528,case_hd_8055_i4_r67_box_012_fl_388_01_053.tif,
81483632,case_hd_8055_i4_r67_box_012_fl_388_01_054.tif,
81483727,case_hd_8055_i4_r67_box_012_fl_388_01_055.tif,
81483831,case_hd_8055_i4_r67_box_012_fl_388_01_056.tif,
81483926,case_hd_8055_i4_r67_box_012_fl_388_01_057.tif,
81484030,case_hd_8055_i4_r67_box_012_fl_388_01_058.tif,
81484125,case_hd_8055_i4_r67_box_012_fl_388_01_059.tif,
81484229,case_hd_8055_i4_r67_box_012_fl_388_01_060.tif,
81484324,case_hd_8055_i4_r67_box_012_fl_388_01_061.tif,
81484428,case_hd_8055_i4_r67_box_012_fl_388_01_062.tif,
81484523,case_hd_8055_i4_r67_box_012_fl_388_01_063.tif,
81484627,case_hd_8055_i4_r67_box_012_fl_388_01_064.tif,
81484722,case_hd_8055_i4_r67_box_012_fl_388_01_065.tif,
81484826,case_hd_8055_i4_r67_box_012_fl_388_01_066.tif,
81484921,case_hd_8055_i4_r67_box_012_fl_388_01_067.tif,
81485025,case_hd_8055_i4_r67_box_012_fl_388_01_068.tif,
81485120,case_hd_8055_i4_r67_box_012_fl_388_01_069.tif,
81485224,case_hd_8055_i4_r67_box_012_fl_388_01_070.tif,
81485319,case_hd_8055_i4_r67_box_012_fl_388_01_071.tif,
81485423,case_hd_8055_i4_r67_box_012_fl_388_01_072.tif,
81485518,case_hd_8055_i4_r67_box_012_fl_388_01_073.tif,
81485622,case_hd_8055_i4_r67_box_012_fl_388_01_074.tif,
81485717,case_hd_8055_i4_r67_box_012_fl_388_01_075.tif,
81485821,case_hd_8055_i4_r67_box_012_fl_388_01_076.tif,
81485916,case_hd_8055_i4_r67_box_012_fl_388_01_077.tif,
81486020,case_hd_8055_i4_r67_box_012_fl_388_01_078.tif,
81486115,case_hd_8055_i4_r67_box_012_fl_388_01_079.tif,
81486219,case_hd_8055_i4_r67_box_012_fl_388_01_080.tif,
81486314,case_hd_8055_i4_r67_box_012_fl_388_01_081.tif,
81486418,case_hd_8055_i4_r67_box_012_fl_388_01_082.tif,
81486513,case_hd_8055_i4_r67_box_012_fl_388_01_083.tif,
81486617,case_hd_8055_i4_r67_box_012_fl_388_01_084.tif,
81486712,case_hd_8055_i4_r67_box_012_fl_388_01_085.tif,
81486816,case_hd_8055_i4_r67_box_012_fl_388_01_086.tif,
81486911,case_hd_8055_i4_r67_box_012_fl_388_01_087.tif,
81487015,case_hd_8055_i4_r67_box_012_fl_388_01_088.tif,
81487110,case_hd_8055_i4_r67_box_012_fl_388_01_089.tif,
81487214,case_hd_8055_i4_r67_box_012_fl_388_01_090.tif,
81487309,case_hd_8055_i4_r67_box_012_fl_388_01_091.tif,
81487413,case_hd_8055_i4_r67_box_012_fl_388_01_092.tif,
81487508,case_hd_8055_i4_r67_box_012_fl_388_01_093.tif,
81487612,case_hd_8055_i4_r67_box_012_fl_388_01_094.tif,
81487707,case_hd_8055_i4_r67_box_012_fl_388_01_095.tif,
81487811,case_hd_8055_i4_r67_box_012_fl_388_01_096.tif,
81487906,case_hd_8055_i4_r67_box_012_fl_388_01_097.tif,
81488010,case_hd_8055_i4_r67_box_012_fl_388_01_098.tif,
81488105,case_hd_8055_i4_r67_box_012_fl_388_01_099.tif,
81488209,case_hd_8055_i4_r67_box_012_fl_388_01_100.tif,
81488304,case_hd_8055_i4_r67_box_012_fl_388_01_101.tif,
81488408,case_hd_8055_i4_r67_box_012_fl_388_01_102.tif,
81488503,case_hd_8055_i4_r67_box_012_fl_388_01_103.tif,
81488607,case_hd_8055_i4_r67_box_012_fl_388_01_104.tif,
81488702,case_hd_8055_i4_r67_box_012_fl_388_01_105.tif,
81488806,case_hd_8055_i4_r67_box_012_fl_388_01_106.tif,
81488901,case_hd_8055_i4_r67_box_012_fl_388_01_107.tif,
81489005,case_hd_8055_i4_r67_box_012_fl_388_01_108.tif,
81489100,case_hd_8055_i4_r67_box_012_fl_388_01_109.tif,
81489204,case_hd_8055_i4_r67_box_012_fl_388_01_110.tif,
81489299,case_hd_8055_i4_r67_box_012_fl_388_01_111.tif,
81489403,case_hd_8055_i4_r67_box_012_fl_388_01_112.tif,
81489498,case_hd_8055_i4_r67_box_012_fl_388_01_113.tif,
81489602,case_hd_8055_i4_r67_box_012_fl_388_01_114.tif,
81489697,case_hd_8055_i4_r67_box_012_fl_388_01_115.tif,
81489801,case_hd_8055_i4_r67_box_012_fl_388_01_116.tif,
81489896,case_hd_8055_i4_r67_box_012_fl_388_01_117.tif,
81490000,case_hd_8055_i4_r67_box_012_fl_388_01_118.tif,
81490095,case_hd_8055_i4_r67_box_012_fl_388_01_119.tif,
81490199,case_hd_8055_i4_r67_box_012_fl_388_01_120.tif,
81490294,case_hd_8055_i4_r67_box_012_fl_388_01_121.tif,
81490398,case_hd_8055_i4_r67_box_012_fl_388_01_122.tif,
81490493,case_hd_8055_i4_r67_box_012_fl_388_01_123.tif,
81490597,case_hd_8055_i4_r67_box_012_fl_388_01_124.tif,
7345981,GR_579_0021.TIF,
7346007,GR_579_0004.TIF,
7346026,GR_579_0053.TIF,
7346052,GR_579_0039.TIF,
7346065,GR_579_0027.TIF,
7346091,GR_579_0054.TIF,
7346116,GR_579_0041.TIF,
7346134,GR_579_0056.TIF,
7346156,GR_579_0015.TIF,
7346182,GR_579_0019.TIF,
7346208,GR_579_0022.TIF,
7346223,GR_579_0014.TIF,
7346247,GR_579_0011.TIF,
7346273,GR_579_0030.TIF,
7346293,GR_579_0048.TIF,
7346325,GR_579_0045.TIF,
7346339,GR_579_0040.TIF,
7346364,GR_579_0003.TIF,
7346390,GR_579_0057.TIF,
7346416,GR_579_0002.TIF,
7346429,GR_579_0026.TIF,
7346455,GR_579_0060.TIF,
7346481,GR_579_0042.TIF,
7346499,GR_579_0031.TIF,
7346520,GR_579_0050.TIF,
7346546,GR_579_0006.TIF,
7346560,GR_579_0052.TIF,
7346585,GR_579_0034.TIF,
7346611,GR_579_0012.TIF,
7346624,GR_579_0033.TIF,
7346651,GR_579_0010.TIF,
7346676,GR_579_0028.TIF,
7346692,GR_579_0001.TIF,
7347470,GR_579_0009.TIF,
7347516,GR_579_0023.TIF,
7347535,GR_579_0062.TIF,
7347561,GR_579_0064.TIF,
7347587,GR_579_0016.TIF,
7347600,GR_579_0008.TIF,
7347626,GR_579_0024.TIF,
7347665,GR_579_0047.TIF,
7347709,GR_579_0058.TIF,
7347730,GR_579_0032.TIF,
7347756,GR_579_0018.TIF,
7347782,GR_579_0046.TIF,
7347795,GR_579_0061.TIF,
7347821,GR_579_0059.TIF,
7347847,GR_579_0063.TIF,
7347873,GR_579_0025.TIF,
7347886,GR_579_0007.TIF,
7347912,GR_579_0044.TIF,
7347938,GR_579_0013.TIF,
7347952,GR_579_0005.TIF,
7347977,GR_579_0051.TIF,
7348003,GR_579_0037.TIF,
7348016,GR_579_0049.TIF,
7348042,GR_579_0017.TIF,
7348068,GR_579_0020.TIF,
7348094,GR_579_0043.TIF,
7348108,GR_579_0036.TIF,
7348133,GR_579_0055.TIF,
7348159,GR_579_0035.TIF,
7348175,GR_579_0038.TIF,
9317742,Ayer Art Waldeck box B-3 image 53.tif,
9317874,Ayer Waldeck box B-3 image 53.tif,
10743206,"Ayer Art Waldeck box E-2 #322, Palenque Captives.tif",
22572111,rmcn_atlas_6_1923_pg_69.tif,
26732630,Newberry_folioR1832_986vol_2_0001.tif,
26732683,Newberry_folioR1832_986vol_2_0002.tif,
26732736,Newberry_folioR1832_986vol_2_0003.tif,
26732789,Newberry_folioR1832_986vol_2_0004.tif,
26732842,Newberry_folioR1832_986vol_2_0005.tif,
26732895,Newberry_folioR1832_986vol_2_0006.tif,
26732948,Newberry_folioR1832_986vol_2_0007.tif,
26733001,Newberry_folioR1832_986vol_2_0008.tif,
26733054,Newberry_folioR1832_986vol_2_0009.tif,
26733107,Newberry_folioR1832_986vol_2_0010.tif,
26733160,Newberry_folioR1832_986vol_2_0011.tif,
26733213,Newberry_folioR1832_986vol_2_0012.tif,
26733266,Newberry_folioR1832_986vol_2_0013.tif,
26733319,Newberry_folioR1832_986vol_2_0014.tif,
26733372,Newberry_folioR1832_986vol_2_0015.tif,
26733425,Newberry_folioR1832_986vol_2_0016.tif,
26733478,Newberry_folioR1832_986vol_2_0017.tif,
26733531,Newberry_folioR1832_986vol_2_0018.tif,
26733584,Newberry_folioR1832_986vol_2_0019.tif,
26733637,Newberry_folioR1832_986vol_2_0020.tif,
26733690,Newberry_folioR1832_986vol_2_0021.tif,
26733743,Newberry_folioR1832_986vol_2_0022.tif,
26733796,Newberry_folioR1832_986vol_2_0023.tif,
26733849,Newberry_folioR1832_986vol_2_0024.tif,
26733902,Newberry_folioR1832_986vol_2_0025.tif,
26733955,Newberry_folioR1832_986vol_2_0026.tif,
26734008,Newberry_folioR1832_986vol_2_0027.tif,
26734061,Newberry_folioR1832_986vol_2_0028.tif,
26734114,Newberry_folioR1832_986vol_2_0029.tif,
26734167,Newberry_folioR1832_986vol_2_0030.tif,
26734220,Newberry_folioR1832_986vol_2_0031.tif,
26734273,Newberry_folioR1832_986vol_2_0032.tif,
26734326,Newberry_folioR1832_986vol_2_0033.tif,
26734379,Newberry_folioR1832_986vol_2_0034.tif,
26734432,Newberry_folioR1832_986vol_2_0035.tif,
26734485,Newberry_folioR1832_986vol_2_0036.tif,
26734538,Newberry_folioR1832_986vol_2_0037.tif,
26734591,Newberry_folioR1832_986vol_2_0038.tif,
26734644,Newberry_folioR1832_986vol_2_0039.tif,
26734697,Newberry_folioR1832_986vol_2_0040.tif,
26734750,Newberry_folioR1832_986vol_2_0041.tif,
26734803,Newberry_folioR1832_986vol_2_0042.tif,
26734856,Newberry_folioR1832_986vol_2_0043.tif,
26734909,Newberry_folioR1832_986vol_2_0044.tif,
26734962,Newberry_folioR1832_986vol_2_0045.tif,
26735015,Newberry_folioR1832_986vol_2_0046.tif,
26735068,Newberry_folioR1832_986vol_2_0047.tif,
26735121,Newberry_folioR1832_986vol_2_0048.tif,
26735174,Newberry_folioR1832_986vol_2_0049.tif,
26735227,Newberry_folioR1832_986vol_2_0050.tif,
26735280,Newberry_folioR1832_986vol_2_0051.tif,
26735333,Newberry_folioR1832_986vol_2_0052.tif,
26735386,Newberry_folioR1832_986vol_2_0053.tif,
26735439,Newberry_folioR1832_986vol_2_0054.tif,
26735492,Newberry_folioR1832_986vol_2_0055.tif,
26735545,Newberry_folioR1832_986vol_2_0056.tif,
26735598,Newberry_folioR1832_986vol_2_0057.tif,
26735651,Newberry_folioR1832_986vol_2_0058.tif,
26735704,Newberry_folioR1832_986vol_2_0059.tif,
26735762,Newberry_folioR1832_986vol_2_0060.tif,
26735815,Newberry_folioR1832_986vol_2_0061.tif,
26735868,Newberry_folioR1832_986vol_2_0062.tif,
26735921,Newberry_folioR1832_986vol_2_0063.tif,
26735974,Newberry_folioR1832_986vol_2_0064.tif,
26736027,Newberry_folioR1832_986vol_2_0065.tif,
26736080,Newberry_folioR1832_986vol_2_0066.tif,
26736133,Newberry_folioR1832_986vol_2_0067.tif,
26736186,Newberry_folioR1832_986vol_2_0068.tif,
26736239,Newberry_folioR1832_986vol_2_0069.tif,
26736292,Newberry_folioR1832_986vol_2_0070.tif,
26736345,Newberry_folioR1832_986vol_2_0071.tif,
26736398,Newberry_folioR1832_986vol_2_0072.tif,
26736451,Newberry_folioR1832_986vol_2_0073.tif,
26736504,Newberry_folioR1832_986vol_2_0074.tif,
26736557,Newberry_folioR1832_986vol_2_0075.tif,
26736610,Newberry_folioR1832_986vol_2_0076.tif,
26736663,Newberry_folioR1832_986vol_2_0077.tif,
26736716,Newberry_folioR1832_986vol_2_0078.tif,
26736769,Newberry_folioR1832_986vol_2_0079.tif,
26736822,Newberry_folioR1832_986vol_2_0080.tif,
26736875,Newberry_folioR1832_986vol_2_0081.tif,
26736928,Newberry_folioR1832_986vol_2_0082.tif,
26736981,Newberry_folioR1832_986vol_2_0083.tif,
26737034,Newberry_folioR1832_986vol_2_0084.tif,
26737087,Newberry_folioR1832_986vol_2_0085.tif,
26737140,Newberry_folioR1832_986vol_2_0086.tif,
26737193,Newberry_folioR1832_986vol_2_0087.tif,
26737246,Newberry_folioR1832_986vol_2_0088.tif,
26737299,Newberry_folioR1832_986vol_2_0089.tif,
26737352,Newberry_folioR1832_986vol_2_0090.tif,
26737405,Newberry_folioR1832_986vol_2_0091.tif,
26737458,Newberry_folioR1832_986vol_2_0092.tif,
26737511,Newberry_folioR1832_986vol_2_0093.tif,
26737564,Newberry_folioR1832_986vol_2_0094.tif,
26737617,Newberry_folioR1832_986vol_2_0095.tif,
26737670,Newberry_folioR1832_986vol_2_0096.tif,
26737723,Newberry_folioR1832_986vol_2_0097.tif,
26737776,Newberry_folioR1832_986vol_2_0098.tif,
26737829,Newberry_folioR1832_986vol_2_0099.tif,
26737882,Newberry_folioR1832_986vol_2_0100.tif,
26737935,Newberry_folioR1832_986vol_2_0101.tif,
26737988,Newberry_folioR1832_986vol_2_0102.tif,
26738041,Newberry_folioR1832_986vol_2_0103.tif,
26738094,Newberry_folioR1832_986vol_2_0104.tif,
26738147,Newberry_folioR1832_986vol_2_0105.tif,
26738200,Newberry_folioR1832_986vol_2_0106.tif,
26738253,Newberry_folioR1832_986vol_2_0107.tif,
26738306,Newberry_folioR1832_986vol_2_0108.tif,
26738359,Newberry_folioR1832_986vol_2_0109.tif,
26738412,Newberry_folioR1832_986vol_2_0110.tif,
26738465,Newberry_folioR1832_986vol_2_0111.tif,
26738518,Newberry_folioR1832_986vol_2_0112.tif,
26738571,Newberry_folioR1832_986vol_2_0113.tif,
26738624,Newberry_folioR1832_986vol_2_0114.tif,
26738677,Newberry_folioR1832_986vol_2_0115.tif,
26738730,Newberry_folioR1832_986vol_2_0116.tif,
26738783,Newberry_folioR1832_986vol_2_0117.tif,
26738836,Newberry_folioR1832_986vol_2_0118.tif,
26738889,Newberry_folioR1832_986vol_2_0119.tif,
26738942,Newberry_folioR1832_986vol_2_0120.tif,
26738995,Newberry_folioR1832_986vol_2_0121.tif,
26739048,Newberry_folioR1832_986vol_2_0122.tif,
26739101,Newberry_folioR1832_986vol_2_0123.tif,
26739154,Newberry_folioR1832_986vol_2_0124.tif,
26739207,Newberry_folioR1832_986vol_2_0125.tif,
26739260,Newberry_folioR1832_986vol_2_0126.tif,
26739313,Newberry_folioR1832_986vol_2_0127.tif,
26739366,Newberry_folioR1832_986vol_2_0128.tif,
26739419,Newberry_folioR1832_986vol_2_0129.tif,
26739472,Newberry_folioR1832_986vol_2_0130.tif,
26739525,Newberry_folioR1832_986vol_2_0131.tif,
26739578,Newberry_folioR1832_986vol_2_0132.tif,
26739631,Newberry_folioR1832_986vol_2_0133.tif,
26739684,Newberry_folioR1832_986vol_2_0134.tif,
26739737,Newberry_folioR1832_986vol_2_0135.tif,
26739790,Newberry_folioR1832_986vol_2_0136.tif,
26739843,Newberry_folioR1832_986vol_2_0137.tif,
26739896,Newberry_folioR1832_986vol_2_0138.tif,
26739949,Newberry_folioR1832_986vol_2_0139.tif,
26740002,Newberry_folioR1832_986vol_2_0140.tif,
26740055,Newberry_folioR1832_986vol_2_0141.tif,
26740108,Newberry_folioR1832_986vol_2_0142.tif,
26740161,Newberry_folioR1832_986vol_2_0143.tif,
26740214,Newberry_folioR1832_986vol_2_0144.tif,
26740267,Newberry_folioR1832_986vol_2_0145.tif,
26740320,Newberry_folioR1832_986vol_2_0146.tif,
26740373,Newberry_folioR1832_986vol_2_0147.tif,
26740426,Newberry_folioR1832_986vol_2_0148.tif,
26740479,Newberry_folioR1832_986vol_2_0149.tif,
26740532,Newberry_folioR1832_986vol_2_0150.tif,
26740585,Newberry_folioR1832_986vol_2_0151.tif,
26740638,Newberry_folioR1832_986vol_2_0152.tif,
26740691,Newberry_folioR1832_986vol_2_0153.tif,
26740744,Newberry_folioR1832_986vol_2_0154.tif,
26740797,Newberry_folioR1832_986vol_2_0155.tif,
26740850,Newberry_folioR1832_986vol_2_0156.tif,
26740903,Newberry_folioR1832_986vol_2_0157.tif,
26740956,Newberry_folioR1832_986vol_2_0158.tif,
26741009,Newberry_folioR1832_986vol_2_0159.tif,
26741062,Newberry_folioR1832_986vol_2_0160.tif,
26741115,Newberry_folioR1832_986vol_2_0161.tif,
26741168,Newberry_folioR1832_986vol_2_0162.tif,
26741221,Newberry_folioR1832_986vol_2_0163.tif,
26741274,Newberry_folioR1832_986vol_2_0164.tif,
26741327,Newberry_folioR1832_986vol_2_0165.tif,
26741380,Newberry_folioR1832_986vol_2_0166.tif,
26741433,Newberry_folioR1832_986vol_2_0167.tif,
26741486,Newberry_folioR1832_986vol_2_0168.tif,
26741539,Newberry_folioR1832_986vol_2_0169.tif,
26741592,Newberry_folioR1832_986vol_2_0170.tif,
26741645,Newberry_folioR1832_986vol_2_0171.tif,
26741698,Newberry_folioR1832_986vol_2_0172.tif,
26741751,Newberry_folioR1832_986vol_2_0173.tif,
26741804,Newberry_folioR1832_986vol_2_0174.tif,
26741857,Newberry_folioR1832_986vol_2_0175.tif,
26741910,Newberry_folioR1832_986vol_2_0176.tif,
26741963,Newberry_folioR1832_986vol_2_0177.tif,
26742016,Newberry_folioR1832_986vol_2_0178.tif,
26742069,Newberry_folioR1832_986vol_2_0179.tif,
26742122,Newberry_folioR1832_986vol_2_0180.tif,
26742175,Newberry_folioR1832_986vol_2_0181.tif,
26742228,Newberry_folioR1832_986vol_2_0182.tif,
26742281,Newberry_folioR1832_986vol_2_0183.tif,
26742334,Newberry_folioR1832_986vol_2_0184.tif,
26742387,Newberry_folioR1832_986vol_2_0185.tif,
26742440,Newberry_folioR1832_986vol_2_0186.tif,
26742493,Newberry_folioR1832_986vol_2_0187.tif,
26742546,Newberry_folioR1832_986vol_2_0188.tif,
26742599,Newberry_folioR1832_986vol_2_0189.tif,
26742652,Newberry_folioR1832_986vol_2_0190.tif,
26742705,Newberry_folioR1832_986vol_2_0191.tif,
26742758,Newberry_folioR1832_986vol_2_0192.tif,
26742811,Newberry_folioR1832_986vol_2_0193.tif,
26742864,Newberry_folioR1832_986vol_2_0194.tif,
26742917,Newberry_folioR1832_986vol_2_0195.tif,
26742970,Newberry_folioR1832_986vol_2_0196.tif,
26743023,Newberry_folioR1832_986vol_2_0197.tif,
26743076,Newberry_folioR1832_986vol_2_0198.tif,
26743129,Newberry_folioR1832_986vol_2_0199.tif,
26743182,Newberry_folioR1832_986vol_2_0200.tif,
26743235,Newberry_folioR1832_986vol_2_0201.tif,
26743288,Newberry_folioR1832_986vol_2_0202.tif,
26743341,Newberry_folioR1832_986vol_2_0203.tif,
26743394,Newberry_folioR1832_986vol_2_0204.tif,
26743447,Newberry_folioR1832_986vol_2_0205.tif,
26743500,Newberry_folioR1832_986vol_2_0206.tif,
26743553,Newberry_folioR1832_986vol_2_0207.tif,
26743606,Newberry_folioR1832_986vol_2_0208.tif,
26743659,Newberry_folioR1832_986vol_2_0209.tif,
26743712,Newberry_folioR1832_986vol_2_0210.tif,
26743765,Newberry_folioR1832_986vol_2_0211.tif,
26743818,Newberry_folioR1832_986vol_2_0212.tif,
26743871,Newberry_folioR1832_986vol_2_0213.tif,
26743924,Newberry_folioR1832_986vol_2_0214.tif,
26743979,Newberry_folioR1832_986vol_2_0215.tif,
26744032,Newberry_folioR1832_986vol_2_0216.tif,
26744085,Newberry_folioR1832_986vol_2_0217.tif,
26744139,Newberry_folioR1832_986vol_2_0218.tif,
26744192,Newberry_folioR1832_986vol_2_0219.tif,
26744245,Newberry_folioR1832_986vol_2_0220.tif,
26744299,Newberry_folioR1832_986vol_2_0221.tif,
26744352,Newberry_folioR1832_986vol_2_0222.tif,
26744405,Newberry_folioR1832_986vol_2_0223.tif,
26744458,Newberry_folioR1832_986vol_2_0224.tif,
26744511,Newberry_folioR1832_986vol_2_0225.tif,
26744564,Newberry_folioR1832_986vol_2_0226.tif,
26744617,Newberry_folioR1832_986vol_2_0227.tif,
26744670,Newberry_folioR1832_986vol_2_0228.tif,
26744723,Newberry_folioR1832_986vol_2_0229.tif,
26744776,Newberry_folioR1832_986vol_2_0230.tif,
26744829,Newberry_folioR1832_986vol_2_0231.tif,
26744882,Newberry_folioR1832_986vol_2_0232.tif,
26744935,Newberry_folioR1832_986vol_2_0233.tif,
26744988,Newberry_folioR1832_986vol_2_0234.tif,
26745042,Newberry_folioR1832_986vol_2_0235.tif,
26745095,Newberry_folioR1832_986vol_2_0236.tif,
26745148,Newberry_folioR1832_986vol_2_0237.tif,
26745201,Newberry_folioR1832_986vol_2_0238.tif,
26745254,Newberry_folioR1832_986vol_2_0239.tif,
26745307,Newberry_folioR1832_986vol_2_0240.tif,
26745360,Newberry_folioR1832_986vol_2_0241.tif,
26745413,Newberry_folioR1832_986vol_2_0242.tif,
26745468,Newberry_folioR1832_986vol_2_0243.tif,
26745521,Newberry_folioR1832_986vol_2_0244.tif,
26745574,Newberry_folioR1832_986vol_2_0245.tif,
26745627,Newberry_folioR1832_986vol_2_0246.tif,
26745680,Newberry_folioR1832_986vol_2_0247.tif,
26745733,Newberry_folioR1832_986vol_2_0248.tif,
26745786,Newberry_folioR1832_986vol_2_0249.tif,
26745839,Newberry_folioR1832_986vol_2_0250.tif,
26745892,Newberry_folioR1832_986vol_2_0251.tif,
26745945,Newberry_folioR1832_986vol_2_0252.tif,
26745999,Newberry_folioR1832_986vol_2_0253.tif,
26746052,Newberry_folioR1832_986vol_2_0254.tif,
26746105,Newberry_folioR1832_986vol_2_0255.tif,
26746158,Newberry_folioR1832_986vol_2_0256.tif,
26746211,Newberry_folioR1832_986vol_2_0257.tif,
26746264,Newberry_folioR1832_986vol_2_0258.tif,
26746317,Newberry_folioR1832_986vol_2_0259.tif,
26746370,Newberry_folioR1832_986vol_2_0260.tif,
26746423,Newberry_folioR1832_986vol_2_0261.tif,
26746476,Newberry_folioR1832_986vol_2_0262.tif,
26746529,Newberry_folioR1832_986vol_2_0263.tif,
26746582,Newberry_folioR1832_986vol_2_0264.tif,
26746635,Newberry_folioR1832_986vol_2_0265.tif,
26746688,Newberry_folioR1832_986vol_2_0266.tif,
26746741,Newberry_folioR1832_986vol_2_0267.tif,
26746794,Newberry_folioR1832_986vol_2_0268.tif,
26746847,Newberry_folioR1832_986vol_2_0269.tif,
26746900,Newberry_folioR1832_986vol_2_0270.tif,
26746953,Newberry_folioR1832_986vol_2_0271.tif,
26747007,Newberry_folioR1832_986vol_2_0272.tif,
26747060,Newberry_folioR1832_986vol_2_0273.tif,
26747113,Newberry_folioR1832_986vol_2_0274.tif,
26747167,Newberry_folioR1832_986vol_2_0275.tif,
26747220,Newberry_folioR1832_986vol_2_0276.tif,
26747273,Newberry_folioR1832_986vol_2_0277.tif,
26747326,Newberry_folioR1832_986vol_2_0278.tif,
26747379,Newberry_folioR1832_986vol_2_0279.tif,
26747432,Newberry_folioR1832_986vol_2_0280.tif,
26747485,Newberry_folioR1832_986vol_2_0281.tif,
26747538,Newberry_folioR1832_986vol_2_0282.tif,
26747591,Newberry_folioR1832_986vol_2_0283.tif,
26747644,Newberry_folioR1832_986vol_2_0284.tif,
26747697,Newberry_folioR1832_986vol_2_0285.tif,
26747750,Newberry_folioR1832_986vol_2_0286.tif,
26747803,Newberry_folioR1832_986vol_2_0287.tif,
26747856,Newberry_folioR1832_986vol_2_0288.tif,
26747909,Newberry_folioR1832_986vol_2_0289.tif,
26747962,Newberry_folioR1832_986vol_2_0290.tif,
26748015,Newberry_folioR1832_986vol_2_0291.tif,
26748068,Newberry_folioR1832_986vol_2_0292.tif,
26748121,Newberry_folioR1832_986vol_2_0293.tif,
26748174,Newberry_folioR1832_986vol_2_0294.tif,
26748227,Newberry_folioR1832_986vol_2_0295.tif,
26748280,Newberry_folioR1832_986vol_2_0296.tif,
26748333,Newberry_folioR1832_986vol_2_0297.tif,
26748386,Newberry_folioR1832_986vol_2_0298.tif,
26748439,Newberry_folioR1832_986vol_2_0299.tif,
26748492,Newberry_folioR1832_986vol_2_0300.tif,
26748545,Newberry_folioR1832_986vol_2_0301.tif,
26748598,Newberry_folioR1832_986vol_2_0302.tif,
26748651,Newberry_folioR1832_986vol_2_0303.tif,
26748704,Newberry_folioR1832_986vol_2_0304.tif,
26748757,Newberry_folioR1832_986vol_2_0305.tif,
26748810,Newberry_folioR1832_986vol_2_0306.tif,
26748863,Newberry_folioR1832_986vol_2_0307.tif,
26748916,Newberry_folioR1832_986vol_2_0308.tif,
26748969,Newberry_folioR1832_986vol_2_0309.tif,
26749022,Newberry_folioR1832_986vol_2_0310.tif,
26749075,Newberry_folioR1832_986vol_2_0311.tif,
26749128,Newberry_folioR1832_986vol_2_0312.tif,
26749181,Newberry_folioR1832_986vol_2_0313.tif,
26749234,Newberry_folioR1832_986vol_2_0314.tif,
26749287,Newberry_folioR1832_986vol_2_0315.tif,
26749340,Newberry_folioR1832_986vol_2_0316.tif,
26749393,Newberry_folioR1832_986vol_2_0317.tif,
26749449,Newberry_folioR1832_986vol_2_0318.tif,
26749502,Newberry_folioR1832_986vol_2_0319.tif,
26749555,Newberry_folioR1832_986vol_2_0320.tif,
26749608,Newberry_folioR1832_986vol_2_0321.tif,
26749661,Newberry_folioR1832_986vol_2_0322.tif,
26749715,Newberry_folioR1832_986vol_2_0323.tif,
26749768,Newberry_folioR1832_986vol_2_0324.tif,
26749823,Newberry_folioR1832_986vol_2_0325.tif,
26749876,Newberry_folioR1832_986vol_2_0326.tif,
26749929,Newberry_folioR1832_986vol_2_0327.tif,
26749982,Newberry_folioR1832_986vol_2_0328.tif,
26750035,Newberry_folioR1832_986vol_2_0329.tif,
26750088,Newberry_folioR1832_986vol_2_0330.tif,
26750141,Newberry_folioR1832_986vol_2_0331.tif,
26750194,Newberry_folioR1832_986vol_2_0332.tif,
26750247,Newberry_folioR1832_986vol_2_0333.tif,
26750300,Newberry_folioR1832_986vol_2_0334.tif,
26750353,Newberry_folioR1832_986vol_2_0335.tif,
26750406,Newberry_folioR1832_986vol_2_0336.tif,
26750459,Newberry_folioR1832_986vol_2_0337.tif,
26750512,Newberry_folioR1832_986vol_2_0338.tif,
26750565,Newberry_folioR1832_986vol_2_0339.tif,
26750620,Newberry_folioR1832_986vol_2_0340.tif,
26750679,Newberry_folioR1832_986vol_2_0341.tif,
26750734,Newberry_folioR1832_986vol_2_0342.tif,
26750787,Newberry_folioR1832_986vol_2_0343.tif,
26750840,Newberry_folioR1832_986vol_2_0344.tif,
26750893,Newberry_folioR1832_986vol_2_0345.tif,
26750946,Newberry_folioR1832_986vol_2_0346.tif,
26750999,Newberry_folioR1832_986vol_2_0347.tif,
26751053,Newberry_folioR1832_986vol_2_0348.tif,
26751106,Newberry_folioR1832_986vol_2_0349.tif,
26751159,Newberry_folioR1832_986vol_2_0350.tif,
26751212,Newberry_folioR1832_986vol_2_0351.tif,
26751265,Newberry_folioR1832_986vol_2_0352.tif,
26751318,Newberry_folioR1832_986vol_2_0353.tif,
26751371,Newberry_folioR1832_986vol_2_0354.tif,
26751424,Newberry_folioR1832_986vol_2_0355.tif,
26751477,Newberry_folioR1832_986vol_2_0356.tif,
26751534,Newberry_folioR1832_986vol_2_0357.tif,
26751591,Newberry_folioR1832_986vol_2_0358.tif,
26751644,Newberry_folioR1832_986vol_2_0359.tif,
26751700,Newberry_folioR1832_986vol_2_0360.tif,
26751759,Newberry_folioR1832_986vol_2_0361.tif,
26751817,Newberry_folioR1832_986vol_2_0362.tif,
26751873,Newberry_folioR1832_986vol_2_0363.tif,
26751932,Newberry_folioR1832_986vol_2_0364.tif,
26751992,Newberry_folioR1832_986vol_2_0365.tif,
26752047,Newberry_folioR1832_986vol_2_0366.tif,
26752100,Newberry_folioR1832_986vol_2_0367.tif,
26752153,Newberry_folioR1832_986vol_2_0368.tif,
26752206,Newberry_folioR1832_986vol_2_0369.tif,
26752259,Newberry_folioR1832_986vol_2_0370.tif,
26752312,Newberry_folioR1832_986vol_2_0371.tif,
26752365,Newberry_folioR1832_986vol_2_0372.tif,
26752418,Newberry_folioR1832_986vol_2_0373.tif,
26752471,Newberry_folioR1832_986vol_2_0374.tif,
26752524,Newberry_folioR1832_986vol_2_0375.tif,
26752577,Newberry_folioR1832_986vol_2_0376.tif,
26752630,Newberry_folioR1832_986vol_2_0377.tif,
26752683,Newberry_folioR1832_986vol_2_0378.tif,
26752736,Newberry_folioR1832_986vol_2_0379.tif,
26752789,Newberry_folioR1832_986vol_2_0380.tif,
26752842,Newberry_folioR1832_986vol_2_0381.tif,
26752895,Newberry_folioR1832_986vol_2_0382.tif,
26752948,Newberry_folioR1832_986vol_2_0383.tif,
26753001,Newberry_folioR1832_986vol_2_0384.tif,
26753054,Newberry_folioR1832_986vol_2_0385.tif,
26753107,Newberry_folioR1832_986vol_2_0386.tif,
26753160,Newberry_folioR1832_986vol_2_0387.tif,
26753213,Newberry_folioR1832_986vol_2_0388.tif,
26753266,Newberry_folioR1832_986vol_2_0389.tif,
26753319,Newberry_folioR1832_986vol_2_0390.tif,
26753372,Newberry_folioR1832_986vol_2_0391.tif,
26753425,Newberry_folioR1832_986vol_2_0392.tif,
26753478,Newberry_folioR1832_986vol_2_0393.tif,
26753531,Newberry_folioR1832_986vol_2_0394.tif,
26753584,Newberry_folioR1832_986vol_2_0395.tif,
26753637,Newberry_folioR1832_986vol_2_0396.tif,
26753690,Newberry_folioR1832_986vol_2_0397.tif,
26753743,Newberry_folioR1832_986vol_2_0398.tif,
26753796,Newberry_folioR1832_986vol_2_0399.tif,
26753849,Newberry_folioR1832_986vol_2_0400.tif,
26753902,Newberry_folioR1832_986vol_2_0401.tif,
26753955,Newberry_folioR1832_986vol_2_0402.tif,
26754008,Newberry_folioR1832_986vol_2_0403.tif,
26754061,Newberry_folioR1832_986vol_2_0404.tif,
26754114,Newberry_folioR1832_986vol_2_0405.tif,
26754167,Newberry_folioR1832_986vol_2_0406.tif,
26754220,Newberry_folioR1832_986vol_2_0407.tif,
26754273,Newberry_folioR1832_986vol_2_0408.tif,
26754326,Newberry_folioR1832_986vol_2_0409.tif,
26754379,Newberry_folioR1832_986vol_2_0410.tif,
26754432,Newberry_folioR1832_986vol_2_0411.tif,
26754485,Newberry_folioR1832_986vol_2_0412.tif,
26754538,Newberry_folioR1832_986vol_2_0413.tif,
26754591,Newberry_folioR1832_986vol_2_0414.tif,
26754644,Newberry_folioR1832_986vol_2_0415.tif,
26754697,Newberry_folioR1832_986vol_2_0416.tif,
26754750,Newberry_folioR1832_986vol_2_0417.tif,
26754803,Newberry_folioR1832_986vol_2_0418.tif,
26754856,Newberry_folioR1832_986vol_2_0419.tif,
26754909,Newberry_folioR1832_986vol_2_0420.tif,
26754962,Newberry_folioR1832_986vol_2_0421.tif,
26755015,Newberry_folioR1832_986vol_2_0422.tif,
26755068,Newberry_folioR1832_986vol_2_0423.tif,
26755121,Newberry_folioR1832_986vol_2_0424.tif,
26755174,Newberry_folioR1832_986vol_2_0425.tif,
26755227,Newberry_folioR1832_986vol_2_0426.tif,
26755280,Newberry_folioR1832_986vol_2_0427.tif,
26755333,Newberry_folioR1832_986vol_2_0428.tif,
26755386,Newberry_folioR1832_986vol_2_0429.tif,
26755439,Newberry_folioR1832_986vol_2_0430.tif,
26755492,Newberry_folioR1832_986vol_2_0431.tif,
26755545,Newberry_folioR1832_986vol_2_0432.tif,
26755598,Newberry_folioR1832_986vol_2_0433.tif,
26755651,Newberry_folioR1832_986vol_2_0434.tif,
26755704,Newberry_folioR1832_986vol_2_0435.tif,
26755757,Newberry_folioR1832_986vol_2_0436.tif,
26755810,Newberry_folioR1832_986vol_2_0437.tif,
26755863,Newberry_folioR1832_986vol_2_0438.tif,
26755916,Newberry_folioR1832_986vol_2_0439.tif,
26755969,Newberry_folioR1832_986vol_2_0440.tif,
26756022,Newberry_folioR1832_986vol_2_0441.tif,
26756075,Newberry_folioR1832_986vol_2_0442.tif,
26756128,Newberry_folioR1832_986vol_2_0443.tif,
26756181,Newberry_folioR1832_986vol_2_0444.tif,
26756234,Newberry_folioR1832_986vol_2_0445.tif,
26756287,Newberry_folioR1832_986vol_2_0446.tif,
26756340,Newberry_folioR1832_986vol_2_0447.tif,
26756393,Newberry_folioR1832_986vol_2_0448.tif,
26756446,Newberry_folioR1832_986vol_2_0449.tif,
26756499,Newberry_folioR1832_986vol_2_0450.tif,
26756552,Newberry_folioR1832_986vol_2_0451.tif,
26756605,Newberry_folioR1832_986vol_2_0452.tif,
26756658,Newberry_folioR1832_986vol_2_0453.tif,
26756711,Newberry_folioR1832_986vol_2_0455.tif,
26758175,Newberry_folioR1832_986vol_2_0456.tif,
26758228,Newberry_folioR1832_986vol_2_0457.tif,
26758281,Newberry_folioR1832_986vol_2_0458.tif,
26758334,Newberry_folioR1832_986vol_2_0459.tif,
26758387,Newberry_folioR1832_986vol_2_0460.tif,
26758440,Newberry_folioR1832_986vol_2_0461.tif,
26758493,Newberry_folioR1832_986vol_2_0462.tif,
26758546,Newberry_folioR1832_986vol_2_0463.tif,
26758599,Newberry_folioR1832_986vol_2_0464.tif,
26758652,Newberry_folioR1832_986vol_2_0465.tif,
26758705,Newberry_folioR1832_986vol_2_0466.tif,
26758758,Newberry_folioR1832_986vol_2_0467.tif,
26758811,Newberry_folioR1832_986vol_2_0468.tif,
26758864,Newberry_folioR1832_986vol_2_0469.tif,
26758917,Newberry_folioR1832_986vol_2_0470.tif,
26758970,Newberry_folioR1832_986vol_2_0471.tif,
26759023,Newberry_folioR1832_986vol_2_0472.tif,
26759076,Newberry_folioR1832_986vol_2_0473.tif,
26759129,Newberry_folioR1832_986vol_2_0474.tif,
26759182,Newberry_folioR1832_986vol_2_0475.tif,
26759235,Newberry_folioR1832_986vol_2_0476.tif,
26759288,Newberry_folioR1832_986vol_2_0477.tif,
26759341,Newberry_folioR1832_986vol_2_0478.tif,
26759394,Newberry_folioR1832_986vol_2_0479.tif,
26759447,Newberry_folioR1832_986vol_2_0480.tif,
26759500,Newberry_folioR1832_986vol_2_0481.tif,
26759553,Newberry_folioR1832_986vol_2_0482.tif,
26759606,Newberry_folioR1832_986vol_2_0483.tif,
26759659,Newberry_folioR1832_986vol_2_0484.tif,
26759712,Newberry_folioR1832_986vol_2_0485.tif,
26759765,Newberry_folioR1832_986vol_2_0486.tif,
26759818,Newberry_folioR1832_986vol_2_0487.tif,
26759871,Newberry_folioR1832_986vol_2_0488.tif,
26759924,Newberry_folioR1832_986vol_2_0489.tif,
26759977,Newberry_folioR1832_986vol_2_0490.tif,
26760030,Newberry_folioR1832_986vol_2_0491.tif,
26760083,Newberry_folioR1832_986vol_2_0492.tif,
26760136,Newberry_folioR1832_986vol_2_0493.tif,
26760189,Newberry_folioR1832_986vol_2_0494.tif,
26760242,Newberry_folioR1832_986vol_2_0495.tif,
26760295,Newberry_folioR1832_986vol_2_0496.tif,
26760348,Newberry_folioR1832_986vol_2_0497.tif,
26760401,Newberry_folioR1832_986vol_2_0498.tif,
26760454,Newberry_folioR1832_986vol_2_0499.tif,
26760507,Newberry_folioR1832_986vol_2_0500.tif,
26760560,Newberry_folioR1832_986vol_2_0501.tif,
26760613,Newberry_folioR1832_986vol_2_0502.tif,
26760666,Newberry_folioR1832_986vol_2_0503.tif,
26760719,Newberry_folioR1832_986vol_2_0504.tif,
26760772,Newberry_folioR1832_986vol_2_0505.tif,
26760825,Newberry_folioR1832_986vol_2_0506.tif,
26760878,Newberry_folioR1832_986vol_2_0507.tif,
26760931,Newberry_folioR1832_986vol_2_0508.tif,
26760984,Newberry_folioR1832_986vol_2_0509.tif,
26761037,Newberry_folioR1832_986vol_2_0510.tif,
26761090,Newberry_folioR1832_986vol_2_0511.tif,
26761143,Newberry_folioR1832_986vol_2_0512.tif,
26761196,Newberry_folioR1832_986vol_2_0513.tif,
26761249,Newberry_folioR1832_986vol_2_0514.tif,
26761302,Newberry_folioR1832_986vol_2_0515.tif,
26761355,Newberry_folioR1832_986vol_2_0516.tif,
26761408,Newberry_folioR1832_986vol_2_0517.tif,
26761461,Newberry_folioR1832_986vol_2_0518.tif,
26761514,Newberry_folioR1832_986vol_2_0519.tif,
26761567,Newberry_folioR1832_986vol_2_0520.tif,
26761620,Newberry_folioR1832_986vol_2_0521.tif,
26761673,Newberry_folioR1832_986vol_2_0522.tif,
26761726,Newberry_folioR1832_986vol_2_0523.tif,
26761779,Newberry_folioR1832_986vol_3_0142.tif,
26845585,Newberry_folioR1832_986vol_3_0001.TIF,
26845638,Newberry_folioR1832_986vol_3_0002.TIF,
26845691,Newberry_folioR1832_986vol_3_0003.TIF,
26845744,Newberry_folioR1832_986vol_3_0004.TIF,
26845797,Newberry_folioR1832_986vol_3_0005.TIF,
26845850,Newberry_folioR1832_986vol_3_0006.TIF,
26845903,Newberry_folioR1832_986vol_3_0007.TIF,
26845956,Newberry_folioR1832_986vol_3_0008.TIF,
26846009,Newberry_folioR1832_986vol_3_0009.TIF,
26846062,Newberry_folioR1832_986vol_3_0010.TIF,
26846115,Newberry_folioR1832_986vol_3_0011.TIF,
26846168,Newberry_folioR1832_986vol_3_0012.TIF,
26846221,Newberry_folioR1832_986vol_3_0013.TIF,
26846274,Newberry_folioR1832_986vol_3_0014.TIF,
26846327,Newberry_folioR1832_986vol_3_0015.TIF,
26846380,Newberry_folioR1832_986vol_3_0016.TIF,
26846433,Newberry_folioR1832_986vol_3_0017.TIF,
26846486,Newberry_folioR1832_986vol_3_0018.TIF,
26846539,Newberry_folioR1832_986vol_3_0019.TIF,
26846592,Newberry_folioR1832_986vol_3_0020.TIF,
26846645,Newberry_folioR1832_986vol_3_0021.TIF,
26846698,Newberry_folioR1832_986vol_3_0022.TIF,
26846751,Newberry_folioR1832_986vol_3_0023.TIF,
26846804,Newberry_folioR1832_986vol_3_0024.TIF,
26846857,Newberry_folioR1832_986vol_3_0025.TIF,
26846910,Newberry_folioR1832_986vol_3_0026.TIF,
26846963,Newberry_folioR1832_986vol_3_0027.TIF,
26847016,Newberry_folioR1832_986vol_3_0028.TIF,
26847069,Newberry_folioR1832_986vol_3_0029.TIF,
26847122,Newberry_folioR1832_986vol_3_0030.TIF,
26847175,Newberry_folioR1832_986vol_3_0031.TIF,
26847228,Newberry_folioR1832_986vol_3_0032.TIF,
26847281,Newberry_folioR1832_986vol_3_0033.TIF,
26847334,Newberry_folioR1832_986vol_3_0034.TIF,
26847387,Newberry_folioR1832_986vol_3_0035.TIF,
26847440,Newberry_folioR1832_986vol_3_0036.TIF,
26847493,Newberry_folioR1832_986vol_3_0037.TIF,
26847546,Newberry_folioR1832_986vol_3_0038.TIF,
26847599,Newberry_folioR1832_986vol_3_0039.TIF,
26847652,Newberry_folioR1832_986vol_3_0040.TIF,
26847705,Newberry_folioR1832_986vol_3_0041.TIF,
26847758,Newberry_folioR1832_986vol_3_0042.TIF,
26847811,Newberry_folioR1832_986vol_3_0043.TIF,
26847864,Newberry_folioR1832_986vol_3_0044.TIF,
26847917,Newberry_folioR1832_986vol_3_0045.TIF,
26847970,Newberry_folioR1832_986vol_3_0046.TIF,
26848023,Newberry_folioR1832_986vol_3_0047.TIF,
26848076,Newberry_folioR1832_986vol_3_0048.TIF,
26848129,Newberry_folioR1832_986vol_3_0049.TIF,
26848182,Newberry_folioR1832_986vol_3_0050.TIF,
26848235,Newberry_folioR1832_986vol_3_0051.TIF,
26848288,Newberry_folioR1832_986vol_3_0052.TIF,
26848341,Newberry_folioR1832_986vol_3_0053.TIF,
26848394,Newberry_folioR1832_986vol_3_0054.TIF,
26848447,Newberry_folioR1832_986vol_3_0055.TIF,
26848500,Newberry_folioR1832_986vol_3_0056.TIF,
26848553,Newberry_folioR1832_986vol_3_0057.TIF,
26848606,Newberry_folioR1832_986vol_3_0058.TIF,
26848659,Newberry_folioR1832_986vol_3_0059.TIF,
26848712,Newberry_folioR1832_986vol_3_0060.TIF,
26848765,Newberry_folioR1832_986vol_3_0061.TIF,
26848818,Newberry_folioR1832_986vol_3_0062.TIF,
26848871,Newberry_folioR1832_986vol_3_0063.TIF,
26848924,Newberry_folioR1832_986vol_3_0064.TIF,
26848977,Newberry_folioR1832_986vol_3_0065.TIF,
26849030,Newberry_folioR1832_986vol_3_0066.TIF,
26849083,Newberry_folioR1832_986vol_3_0067.TIF,
26849136,Newberry_folioR1832_986vol_3_0068.TIF,
26849189,Newberry_folioR1832_986vol_3_0069.TIF,
26849242,Newberry_folioR1832_986vol_3_0070.TIF,
26849295,Newberry_folioR1832_986vol_3_0071.TIF,
26849348,Newberry_folioR1832_986vol_3_0072.TIF,
26849401,Newberry_folioR1832_986vol_3_0073.TIF,
26849454,Newberry_folioR1832_986vol_3_0074.TIF,
26849507,Newberry_folioR1832_986vol_3_0075.TIF,
26849560,Newberry_folioR1832_986vol_3_0076.TIF,
26849613,Newberry_folioR1832_986vol_3_0077.TIF,
26849666,Newberry_folioR1832_986vol_3_0078.TIF,
26849719,Newberry_folioR1832_986vol_3_0079.TIF,
26849772,Newberry_folioR1832_986vol_3_0080.TIF,
26849825,Newberry_folioR1832_986vol_3_0081.TIF,
26849878,Newberry_folioR1832_986vol_3_0082.TIF,
26849931,Newberry_folioR1832_986vol_3_0083.TIF,
26849984,Newberry_folioR1832_986vol_3_0084.TIF,
26850037,Newberry_folioR1832_986vol_3_0085.TIF,
26850090,Newberry_folioR1832_986vol_3_0086.TIF,
26850143,Newberry_folioR1832_986vol_3_0087.TIF,
26850196,Newberry_folioR1832_986vol_3_0088.TIF,
26850249,Newberry_folioR1832_986vol_3_0089.TIF,
26850302,Newberry_folioR1832_986vol_3_0090.TIF,
26850355,Newberry_folioR1832_986vol_3_0091.TIF,
26850408,Newberry_folioR1832_986vol_3_0092.TIF,
26850461,Newberry_folioR1832_986vol_3_0093.TIF,
26850514,Newberry_folioR1832_986vol_3_0094.TIF,
26850567,Newberry_folioR1832_986vol_3_0095.TIF,
26850620,Newberry_folioR1832_986vol_3_0096.TIF,
26850673,Newberry_folioR1832_986vol_3_0097.TIF,
26850726,Newberry_folioR1832_986vol_3_0098.TIF,
26850779,Newberry_folioR1832_986vol_3_0099.TIF,
26850832,Newberry_folioR1832_986vol_3_0100.TIF,
26850885,Newberry_folioR1832_986vol_3_0101.TIF,
26850938,Newberry_folioR1832_986vol_3_0102.TIF,
26850991,Newberry_folioR1832_986vol_3_0103.TIF,
26851044,Newberry_folioR1832_986vol_3_0104.TIF,
26851097,Newberry_folioR1832_986vol_3_0105.TIF,
26851150,Newberry_folioR1832_986vol_3_0106.TIF,
26851203,Newberry_folioR1832_986vol_3_0107.TIF,
26851256,Newberry_folioR1832_986vol_3_0108.TIF,
26851309,Newberry_folioR1832_986vol_3_0109.TIF,
26851362,Newberry_folioR1832_986vol_3_0110.TIF,
26851415,Newberry_folioR1832_986vol_3_0111.TIF,
26851468,Newberry_folioR1832_986vol_3_0112.TIF,
26851521,Newberry_folioR1832_986vol_3_0113.TIF,
26851574,Newberry_folioR1832_986vol_3_0114.TIF,
26851627,Newberry_folioR1832_986vol_3_0115.TIF,
26851680,Newberry_folioR1832_986vol_3_0116.TIF,
26851733,Newberry_folioR1832_986vol_3_0117.TIF,
26851786,Newberry_folioR1832_986vol_3_0118.TIF,
26851839,Newberry_folioR1832_986vol_3_0119.TIF,
26851892,Newberry_folioR1832_986vol_3_0120.TIF,
26851945,Newberry_folioR1832_986vol_3_0121.TIF,
26851998,Newberry_folioR1832_986vol_3_0122.TIF,
26852051,Newberry_folioR1832_986vol_3_0123.TIF,
26852104,Newberry_folioR1832_986vol_3_0124.TIF,
26852157,Newberry_folioR1832_986vol_3_0125.TIF,
26852210,Newberry_folioR1832_986vol_3_0126.TIF,
26852263,Newberry_folioR1832_986vol_3_0127.TIF,
26852316,Newberry_folioR1832_986vol_3_0128.TIF,
26852369,Newberry_folioR1832_986vol_3_0129.TIF,
26852422,Newberry_folioR1832_986vol_3_0130.TIF,
26852475,Newberry_folioR1832_986vol_3_0131.TIF,
26852528,Newberry_folioR1832_986vol_3_0132.TIF,
26852581,Newberry_folioR1832_986vol_3_0133.TIF,
26852634,Newberry_folioR1832_986vol_3_0134.TIF,
26852687,Newberry_folioR1832_986vol_3_0135.TIF,
26852740,Newberry_folioR1832_986vol_3_0136.TIF,
26852793,Newberry_folioR1832_986vol_3_0137.TIF,
26852846,Newberry_folioR1832_986vol_3_0138.TIF,
26852899,Newberry_folioR1832_986vol_3_0139.TIF,
26852952,Newberry_folioR1832_986vol_3_0140.TIF,
26853005,Newberry_folioR1832_986vol_3_0141.TIF,
26853058,Newberry_folioR1832_986vol_3_0143.TIF,
26853111,Newberry_folioR1832_986vol_3_0144.TIF,
26853164,Newberry_folioR1832_986vol_3_0145.TIF,
26853217,Newberry_folioR1832_986vol_3_0146.TIF,
26853270,Newberry_folioR1832_986vol_3_0147.TIF,
26853323,Newberry_folioR1832_986vol_3_0148.TIF,
26853376,Newberry_folioR1832_986vol_3_0149.TIF,
26853429,Newberry_folioR1832_986vol_3_0150.TIF,
26853482,Newberry_folioR1832_986vol_3_0151.TIF,
26853535,Newberry_folioR1832_986vol_3_0152.TIF,
26853588,Newberry_folioR1832_986vol_3_0153.TIF,
26853641,Newberry_folioR1832_986vol_3_0154.TIF,
26853694,Newberry_folioR1832_986vol_3_0155.TIF,
26853747,Newberry_folioR1832_986vol_3_0156.TIF,
26853800,Newberry_folioR1832_986vol_3_0157.TIF,
26853853,Newberry_folioR1832_986vol_3_0158.TIF,
26853906,Newberry_folioR1832_986vol_3_0159.TIF,
26853959,Newberry_folioR1832_986vol_3_0160.TIF,
26854012,Newberry_folioR1832_986vol_3_0161.TIF,
26854065,Newberry_folioR1832_986vol_3_0162.TIF,
26854118,Newberry_folioR1832_986vol_3_0163.TIF,
26854171,Newberry_folioR1832_986vol_3_0164.TIF,
26854224,Newberry_folioR1832_986vol_3_0165.TIF,
26854277,Newberry_folioR1832_986vol_3_0166.TIF,
26854330,Newberry_folioR1832_986vol_3_0167.TIF,
26854383,Newberry_folioR1832_986vol_3_0168.TIF,
26854436,Newberry_folioR1832_986vol_3_0169.TIF,
26854489,Newberry_folioR1832_986vol_3_0170.TIF,
26854542,Newberry_folioR1832_986vol_3_0171.TIF,
26854595,Newberry_folioR1832_986vol_3_0172.TIF,
26854648,Newberry_folioR1832_986vol_3_0173.TIF,
26854701,Newberry_folioR1832_986vol_3_0174.TIF,
26854754,Newberry_folioR1832_986vol_3_0175.TIF,
26854807,Newberry_folioR1832_986vol_3_0176.TIF,
26854860,Newberry_folioR1832_986vol_3_0177.TIF,
26854913,Newberry_folioR1832_986vol_3_0178.TIF,
26854966,Newberry_folioR1832_986vol_3_0179.TIF,
26855019,Newberry_folioR1832_986vol_3_0180.TIF,
26855072,Newberry_folioR1832_986vol_3_0181.TIF,
26855125,Newberry_folioR1832_986vol_3_0182.TIF,
26855178,Newberry_folioR1832_986vol_3_0183.TIF,
26855231,Newberry_folioR1832_986vol_3_0184.TIF,
26855284,Newberry_folioR1832_986vol_3_0185.TIF,
26855337,Newberry_folioR1832_986vol_3_0186.TIF,
26855390,Newberry_folioR1832_986vol_3_0187.TIF,
26855443,Newberry_folioR1832_986vol_3_0188.TIF,
26855496,Newberry_folioR1832_986vol_3_0189.TIF,
